name;country;city;company;system;ebikes;latitude;longitude
Abu Dhabi Careem BIKE;United Arab Emirates;Abu Dhabi;Careem;No especificado;No especificado;24,4866;54,3728
Accès Vélo;Canada;Saguenay;PBSC Urban Solutions;No especificado;No especificado;48,433333;-71,083333
Aksu;China;阿克苏市 (Aksu City);阿克苏公共服务;No especificado;No especificado;41,1664;80,2617
Alba;Italy;Alba;Comunicare S.r.l.;Bicincittà;No especificado;44,716667;8,083333
AlbaBici;Spain;Albacete;Instituto Tecnológico de Castilla y León (ITCL);bicicard;No especificado;38,9943;-1,8602
AlGira;Portugal;Almeirim;Município de Almeirim;No especificado;Sí;39,2082;-8,6252
Alsa nextbike León;Spain;León;Leonbici Nextbike Gmbh Y Autobuses Urbanos De Leon S.a. Ute;Nextbike;No especificado;42,5987263;-5,5670959
alterVélo libre service;France;Saint-Pierre;Ecovelo;Ecovelo;Sí;-21,3414;55,4777
Ambici;Spain;Barcelona;Nextbike GmbH;Ambici;No especificado;41,44584;2,19902
Ambici;Spain;Badalona;Nextbike GmbH;Ambici;No especificado;41,447;2,245
Ambici;Spain;Castelldefels;Nextbike GmbH;Ambici;No especificado;41,2816;1,97678
Ambici;Spain;Cornellà de Llobregat;Nextbike GmbH;Ambici;No especificado;41,3585;2,07081
Ambici;Spain;El Prat de Llobregat;Nextbike GmbH;Ambici;No especificado;41,3239;2,09317
Ambici;Spain;Esplugues de Llobregat;Nextbike GmbH;Ambici;No especificado;41,3771;2,08938
Ambici;Spain;Gavà;Nextbike GmbH;Ambici;No especificado;41,303;2,00269
Ambici;Spain;Hospitalet de Llobregat;Nextbike GmbH;Ambici;No especificado;41,3631;2,1126
Ambici;Spain;Molins de Rei;Nextbike GmbH;Ambici;No especificado;41,4132;2,02037
Ambici;Spain;Sant Adrià de Besòs;Nextbike GmbH;Ambici;No especificado;41,43073;2,21855
Ambici;Spain;Sant Boi de Llobregat;Nextbike GmbH;Ambici;No especificado;41,3458;2,03404
Ambici;Spain;Sant Feliu de Llobregat;Nextbike GmbH;Ambici;No especificado;41,38333;2,05
Ambici;Spain;Sant Joan Despí;Nextbike GmbH;Ambici;No especificado;41,368;2,05635
Ambici;Spain;Sant Just Desvern;Nextbike GmbH;Ambici;No especificado;41,3807;2,07496
Ambici;Spain;Santa Coloma de Gramenet;Nextbike GmbH;Ambici;No especificado;41,4459;2,21033
Ambici;Spain;Viladecans;Nextbike GmbH;Ambici;No especificado;41,3165;2,01306
Andria in Bici;Italy;Andria;Comunicare S.r.l.;Bicincittà;No especificado;41,224346932834;16,296983922753956
VLS AQTAs;France;Auray-Quiberon;Fifteen;No especificado;No especificado;47,665705;-2,983669
Aral;China;阿拉尔市 (Aral);阿克苏公共服务;No especificado;No especificado;40,5577;81,2879
ARbike;Italy;Arezzo;Comunicare S.r.l.;Bicincittà;No especificado;43,473333;11,87
Ascoli Piceno;Italy;Ascoli Piceno;Comunicare S.r.l.;Bicincittà;No especificado;42,85;13,583333
AthensBikes;Greece;Athens;Brainbox Technology;EasyBike;No especificado;37,9838;23,7275
AuxR_M;France;Auxerre;Fifteen SAS;No especificado;No especificado;47,796054;3,571375
àVélo;Canada;Québec;PBSC Urban Solutions;No especificado;No especificado;46,81305;-71,2168
Aventura BCycle;United States;Aventura, FL;BCycle, LLC;BCycle;No especificado;25,95711;-80,1395
Avilés en Bici;Spain;Avilés;Instituto Tecnológico de Castilla y León (ITCL);bicicard;No especificado;43,5554;-5,9222
AW-bike Ahrweiler;Germany;Ahrweiler;nextbike GmbH;Nextbike;No especificado;50,5452;7,1212
Baksi;Türkiye;Antalya;Baksi Bike Sharing System;Baksi;No especificado;36,862048;30,638866
Çabis;Türkiye;Çanakkale;Baksi Bike Sharing System;Baksi;No especificado;40,1531;26,4146
Nilesplit;Türkiye;Nilüfer;Baksi Bike Sharing System;Baksi;No especificado;40,2127;28,9627
Batumvelo;Georgia;Batumi;BatumVelo;No especificado;No especificado;41,6478;41,6355
Bay Wheels;United States;San Francisco Bay Area, CA;Motivate LLC;No especificado;No especificado;37,7141454;-122,25
Pedaleando por Aller (BeALLER);Spain;Aller;Instituto Tecnológico de Castilla y León (ITCL);bicicard;No especificado;43,1482;-5,6295
BelfastBikes;United Kingdom;Belfast;Beryl;No especificado;No especificado;54,5969;-5,92918
Bentonville BCycle;United States;Bentonville, AR;BCycle, LLC;BCycle;No especificado;36,3605;-94,1996
Bysykkel;Norway;Bergen;Urban Sharing AS;No especificado;No especificado;60,391263;5,322054
Bergisches e-Bike;Germany;Bergisches e-Bike;Nextbike GmbH;Nextbike;No especificado;51,0192;7,18025
Beryl - Bournemouth, Christchurch and Poole;United Kingdom;Bournemouth, Christchurch and Poole;Beryl;No especificado;No especificado;50,7196;-1,8734
Beryl - Brighton;United Kingdom;Brighton;Beryl;No especificado;No especificado;50,8222;-0,1403
Beryl - Cornwall;United Kingdom;Cornwall;Beryl;No especificado;No especificado;50,2616;-5,051
Beryl - Dorchester, Weymouth and Portland;United Kingdom;Dorchester, Weymouth and Portland;Beryl;No especificado;No especificado;50,6085;-2,454
Beryl - Eastleigh;United Kingdom;Eastleigh;Beryl;No especificado;No especificado;50,9691;-1,3603
Beryl - Greater Manchester;United Kingdom;Greater Manchester;Beryl;No especificado;No especificado;53,4795;-2,2436
Beryl - Guildford;United Kingdom;Guildford;Beryl;No especificado;No especificado;51,2397;-0,5764
Beryl - Hereford;United Kingdom;Hereford;Beryl;No especificado;No especificado;52,0549;-2,7156
Beryl - Hertsmere;United Kingdom;Hertsmere;Beryl;No especificado;No especificado;51,6577;-0,2695
Beryl - Leeds;United Kingdom;Leeds;Beryl;No especificado;No especificado;53,7971;-1,5438
Beryl - Norwich;United Kingdom;Norwich;Beryl;No especificado;No especificado;52,6288;1,2934
Beryl - Plymouth;United Kingdom;Plymouth;Beryl;No especificado;No especificado;50,3714;-4,1421
Beryl - Stevenage;United Kingdom;Stevenage;Beryl;No especificado;No especificado;51,9059;-0,1905
Beryl - Watford;United Kingdom;Watford;Beryl;No especificado;No especificado;51,6556;-0,3953
Beryl - West Midlands;United Kingdom;West Midlands;Beryl;No especificado;No especificado;52,4798;-1,9014
Beryl - Worcester;United Kingdom;Worcester;Beryl;No especificado;No especificado;52,1912;-2,2206
BIA;Portugal;Ovar;Município de Ovar;No especificado;Sí;40,8599;-8,6246
Bianzone in Bici;Italy;Bianzone;Comunicare S.r.l.;Bicincittà;No especificado;46,188197;10,109354
BiBa;Spain;Badajoz;Instituto Tecnológico de Castilla y León (ITCL);bicicard;No especificado;38,878;-6,9701
bibo;Spain;Boadilla del Monte;Nextbike GmbH;Nextbike;No especificado;40,4125;-3,8909
Bici Bolzano;Italy;Bolzano;Ecospazio Logiss S.r.l.;No especificado;No especificado;46,49;11,3401
BICI&CO;Italy;Como;Comunicare S.r.l.;Bicincittà;No especificado;45,8080597;9,0851765
BiciFerrolTerra;Spain;Ferrol - Narón;2K SYSTEMS, S.L.;No especificado;No especificado;43,4896;-8,2193
Bici in Busto;Italy;Busto Arsizio;Comunicare S.r.l.;Bicincittà;No especificado;45,610555;8,852062
Bici Perugia;Italy;Perugia;Comunicare S.r.l.;Bicincittà;No especificado;43,1107168;12,3908279
BiciAlcázar;Spain;Alcázar de San Juan;Instituto Tecnológico de Castilla y León (ITCL);bicicard;No especificado;39,3901;-3,2101
BiciArousa;Spain;A Illa de Arousa;Instituto Tecnológico de Castilla y León (ITCL);bicicard;No especificado;42,5521;-8,8666
biciArteixo;Spain;Arteixo;Servizos Urbanos Municipais de Arteixo, S. A.;Nextbike;No especificado;43,3053;-8,5069
BiciBur;Spain;Burgos;Instituto Tecnológico de Castilla y León (ITCL);No especificado;No especificado;42,34392;-3,69697
Bicicas;Spain;Castelló de la Plana;Maquiver S.L.U.;No especificado;No especificado;39,9856;-0,0389
BiciCastro;Spain;Castro-Urdiales;Instituto Tecnológico de Castilla y León (ITCL);bicicard;No especificado;43,3849;-3,2181
Bicicletar;Brazil;Fortaleza;Mobilicidade Tecnologia LTD;Samba;No especificado;-3,7321944;-38,510347
Bicicoruña;Spain;A Coruña;PBSC Urban Solutions;No especificado;No especificado;43,3623;-8,4115
Bici Pública Cuenca;Ecuador;Cuenca;Mobilicidade Tecnologia LTD;Samba;No especificado;-2,897;-79,0038
Bicielx;Spain;Elx;Promociones e Iniciativas Municipales de Elche, S.A.;No especificado;No especificado;38,2665;-0,7
Bicikelj;Slovenia;Ljubljana;JCDecaux;Cyclocity;No especificado;46,05645089999999;14,5080702
BiciLog;Spain;Logroño;Nextbike GmbH;Nextbike;No especificado;42,4658;-2,4402
BiciMAD;Spain;Madrid;Empresa Municipal de Transportes de Madrid, S.A.;bicimad;No especificado;40,4168;-3,7038
bicimia;Italy;Brescia;Comunicare S.r.l.;Bicincittà;No especificado;45,5378;10,2173
BiciMislata;Spain;Mislata;Movilidad Urbana Sostenible, S.L;Nextbike;No especificado;39,4763;-0,4182
Bicincittà;Italy;Acquarica del Capo;Comunicare S.r.l.;Bicincittà;No especificado;39,9144573;18,2450324
Bicincittà;Italy;Acquaviva delle fonti;Comunicare S.r.l.;Bicincittà;No especificado;40,9303721;16,8414374
Bicincittà;Italy;Alghero;Comunicare S.r.l.;Bicincittà;No especificado;40,5579517;8,319294900000001
Bicincittà;Italy;Assemini;Comunicare S.r.l.;Bicincittà;No especificado;39,28956306007679;9,006601555294765
Bicincittà;Italy;Borgarello;Comunicare S.r.l.;Bicincittà;No especificado;45,23963753440171;9,136150475640875
Bicincittà;Italy;Brancaleone;Comunicare S.r.l.;Bicincittà;No especificado;37,9679084;16,0757749
Bicincittà;Italy;Carrara;Comunicare S.r.l.;Bicincittà;No especificado;44,07731805550891;10,097172450401331
Bicincittà;Italy;Casaletto Spartano;Comunicare S.r.l.;Bicincittà;No especificado;40,1532801;15,6211479
Bicincittà;Italy;Castel Guelfo di Bologna;Comunicare S.r.l.;Bicincittà;No especificado;44,4328527;11,6750857
Mi Muovo in bici;Italy;Cesena;Comunicare S.r.l.;Bicincittà;No especificado;44,1396438;12,2464292
Bicincittà;Italy;Cisterna di Latina;Comunicare S.r.l.;Bicincittà;No especificado;41,5754029;12,8284772
Costa Blu;Italy;Montesilvano;Comunicare S.r.l.;Bicincittà;No especificado;42,5009;14,1282
Bicincittà;Italy;Elmas;Comunicare S.r.l.;Bicincittà;No especificado;39,2634329;9,0515805
Bicincittà;Italy;Parco Nazionale del Circeo;Comunicare S.r.l.;Bicincittà;No especificado;41,3151015;13,0330782
Bicincittà;Italy;Ente Parco Montemarcello Magra;Comunicare S.r.l.;Bicincittà;No especificado;44,1143897;9,9635986
Bicincittà;Italy;Parco naturale Migliarino San Rossore Massaciuccoli;Comunicare S.r.l.;Bicincittà;No especificado;43,723826;10,339509
Mi Muovo in Bici;Italy;Forlì;Comunicare S.r.l.;Bicincittà;No especificado;44,2227398;12,0407312
Bicincittà;Italy;Gaeta;Comunicare S.r.l.;Bicincittà;No especificado;41,209620965538036;13,584335125656139
Bicincittà;Italy;Gallipoli;Comunicare S.r.l.;Bicincittà;No especificado;40,0558554;17,9925085
Mi Muovo in bici;Italy;Imola;Comunicare S.r.l.;Bicincittà;No especificado;44,3559128;11,7161197
Bicincittà;Italy;Lavis;Comunicare S.r.l.;Bicincittà;No especificado;46,1408423;11,1124935
Bicincittà;Italy;Livorno;Comunicare S.r.l.;Bicincittà;No especificado;43,548473;10,3105674
Bicincittà;Italy;Mantova;Comunicare S.r.l.;Bicincittà;No especificado;45,15866370764634;10,783718973016335
Bici in Massa;Italy;Massa;Comunicare S.r.l.;Bicincittà;No especificado;44,0146;10,1017
Bicincittà;Italy;Mezzocorona;Comunicare S.r.l.;Bicincittà;No especificado;46,2339047;11,1277461
Bicincittà;Italy;Mezzolombardo;Comunicare S.r.l.;Bicincittà;No especificado;46,21400260000001;11,0967867
Mi Muovo in bici;Italy;Modena;Comunicare S.r.l.;Bicincittà;No especificado;44,647128;10,9252269
Bicincittà;Italy;Monserrato;Comunicare S.r.l.;Bicincittà;No especificado;39,2560191;9,1453579
Bicincittà;Italy;Montecatini Terme;Comunicare S.r.l.;Bicincittà;No especificado;43,88362791665083;10,764385656591799
Sipedala;Italy;Monteriggioni;Comunicare S.r.l.;Bicincittà;No especificado;43,3896;11,2236
Bicincittà;Italy;Monza;Comunicare S.r.l.;Bicincittà;No especificado;45,5845001;9,2744485
Bicincittà;Italy;Morigerati;Comunicare S.r.l.;Bicincittà;No especificado;40,1422031;15,5298525
Bicincittà;Italy;Parco dei Colli di Bergamo;Comunicare S.r.l.;Bicincittà;No especificado;45,72295637032245;9,649230073016383
Bicincittà;Italy;Parco Naturale Molentargius - Saline;Comunicare S.r.l.;Bicincittà;No especificado;39,2052545;9,146761099999999
PisTA!;Italy;Taranto;Comunicare S.r.l.;Bicincittà;No especificado;40,4351;17,2096
Bicincittà;Italy;Pizzighettone e Formigara;Comunicare S.r.l.;Bicincittà;No especificado;45,186748819167434;9,778087948479424
Bicincittà;Italy;Porto Torres;Comunicare S.r.l.;Bicincittà;No especificado;40,8333682;8,402292899999999
Bicincittà;Italy;Rivarolo Canavese;Comunicare S.r.l.;Bicincittà;No especificado;45,306633;7,723242
Bicincittà;Italy;San Donato Milanese;Comunicare S.r.l.;Bicincittà;No especificado;45,4092402;9,2684867
Mi Muovo in Bici;Italy;San Giovanni in Persiceto;Comunicare S.r.l.;Bicincittà;No especificado;44,6405433;11,1893053
Mi Muovo in Bici;Italy;San Lazzaro di Savena;Comunicare S.r.l.;Bicincittà;No especificado;44,4702725;11,409399
Bicincittà;Italy;San Michele All'adige;Comunicare S.r.l.;Bicincittà;No especificado;46,1878653;11,1330423
Bicincittà;Italy;San Teodoro;Comunicare S.r.l.;Bicincittà;No especificado;40,7722837;9,6695458
Bicincittà;Italy;Scafati;Comunicare S.r.l.;Bicincittà;No especificado;40,7620174;14,5363969
Mi Muovo in Bici;Italy;Scandiano;Comunicare S.r.l.;Bicincittà;No especificado;44,5982342;10,6909273
Bicincittà;Italy;Selargius;Comunicare S.r.l.;Bicincittà;No especificado;39,2596768;9,1629372
Bicincittà;Italy;Siena;Comunicare S.r.l.;Bicincittà;No especificado;43,3186;11,3306
Bicincittà;Montenegro;TV;Comunicare S.r.l.;Bicincittà;No especificado;42,4349809;18,7066398
Bicincittà;Italy;Tortolì;Comunicare S.r.l.;Bicincittà;No especificado;39,92664489852196;9,654953570777934
Bicincittà;Italy;Treviglio;Comunicare S.r.l.;Bicincittà;No especificado;45,5293372;9,591435899999999
BiTS;Italy;Trieste;Comunicare S.r.l.;Bicincittà;No especificado;45,6495;13,7768
Bicincittà;Italy;Vicolungo;Comunicare S.r.l.;Bicincittà;No especificado;45,47167229999999;8,4633922
Bicing;Spain;Barcelona;Barcelona de Serveis Municipals, S.A. (BSM);No especificado;Sí;41,3850639;2,1734035
BicinQuartucciu;Italy;Quartucciu;Comunicare S.r.l.;Bicincittà;No especificado;39,25043149806156;9,179296426489255
BiciNRivas;Spain;Rivas-Vaciamadrid;Lyft Inc.;No especificado;No especificado;40,35353;-3,53095
Bicipalma;Spain;Palma;Nextbike GmbH;Nextbike;No especificado;39,57119;2,646634
Bicisanvi;Spain;Sant Vicent del Raspeig;Movilidad Urbana Sostenible SLU;No especificado;No especificado;38,39611;-0,5236
BiciSchio;Italy;Schio;Comunicare S.r.l.;Bicincittà;No especificado;45,7170517;11,3597702
biclis;Portugal;Leiria;Município de Leiria;No especificado;Sí;39,7495;-8,8074
Bicloo;France;Nantes;JCDecaux;Cyclocity;No especificado;47,218371;-1,553621
Bicykle za dobré skutky;Slovakia;Prešov;Open Source Bike Share;OpenSourceBikeShare;No especificado;48,996275;21,234341
Biella;Italy;Biella;Comunicare S.r.l.;Bicincittà;No especificado;45,5775;8,051111
BiGi;Italy;Bergamo;Comunicare S.r.l.;Bicincittà;No especificado;45,695;9,67
Bike Chattanooga;United States;Chattanooga, TN;Motivate International, Inc;No especificado;Sí;35,0456297;-85,3096801
BikeCuritiba;Brazil;Curitiba;M1 Transportes Sustentáveis Ltda.;No especificado;No especificado;-25,4299;-49,2722
Bike Itaú Nordelta;Argentina;Nordelta;Tembici;No especificado;No especificado;-34,4146;-58,6493
BikeBrasilia;Brazil;Brasília;Tembici;No especificado;No especificado;-15,795115;-47,887424
BikeKia;Slovakia;Žilina;Nextbike GmbH;Nextbike;No especificado;49,2217;18,7572
BikeMi;Italy;Milano;IGP S.p.A.;No especificado;Sí;45,4654542;9,186516
BikEnmedio;Spain;Campoo de Enmedio;Instituto Tecnológico de Castilla y León (ITCL);bicicard;No especificado;42,9995;-4,1393
BikePOA;Brazil;Porto Alegre;Tembici;No especificado;No especificado;-30,033079;-51,23654
BikeRecife;Brazil;Recife;Tembici;No especificado;No especificado;-8,047129;-34,873437
BikeRio;Brazil;Rio de Janeiro;Tembici;No especificado;No especificado;-22,904315;-43,184776
BikeSalvador;Brazil;Salvador;Tembici;No especificado;No especificado;-12,973959;-38,508171
BikeSampa;Brazil;São Paulo;Tembici;No especificado;No especificado;-23,55;-46,6333
BikeSantiago;Chile;Santiago;Tembici;No especificado;No especificado;-33,45;-70,67
BikeSantos;Brazil;Santos;Mobilicidade Tecnologia LTD;Samba;No especificado;-23,954052;-46,333345
Peninsula Papagayo Bike-Share;Costa Rica;Península de Papagayo;Ecodesarrollo Papagayo Limitada;No especificado;Sí;10,6246;-85,6796
BIKETOWN;United States;Portland, OR;Portland Bureau of Transportation (PBOT);No especificado;No especificado;45,52175423291714;-122,68107935786247
Biketown WHQ (Nike campus);United States;Beaverton, OR;No especificado;No especificado;No especificado;45,5087;-122,8294
Bydgoski rower aglomeracyjny;Poland;Bydgoszcz;Bike U Sp. z o.o.;Bike U;No especificado;53,12193;18,00038
Verona Bike;Italy;Verona;IGP S.p.A.;No especificado;No especificado;45,438611;10,992778
Bike Vitória;Brazil;Vitória;Mobilicidade Tecnologia LTD;Samba;No especificado;-20,3202;-40,3375
BIKI;Spain;Valladolid;Autobuses Urbanos de Valladolid S.A;No especificado;Sí;41,6522;-4,7243
Bilbaobizi;Spain;Bilbao;Lyft Inc.;No especificado;No especificado;43,263;-2,935
Bird Los Angeles;United States;Los Angeles, CA;Bird Rides, Inc.;No especificado;No especificado;34,0522;-118,2437
Bird Seattle;United States;Seattle, WA;Bird Rides, Inc.;No especificado;No especificado;47,6062;-122,3321
BisPArks BCycle;United States;Bismarck, ND;BCycle, LLC;BCycle;No especificado;46,8082;-100,7847
Bixi;Canada;Montréal, QC;Motivate International, Inc.;No especificado;Sí;45,508693;-73,553928
Bike Share Toronto;Canada;Toronto, ON;Motivate International, Inc.;No especificado;No especificado;43,653226;-79,3831843
Bizi;Spain;Zaragoza;UTE Serveo Servicios;No especificado;No especificado;41,6487908;-0,8895811
Bizkaibizi;Spain;Barakaldo;UTE Bizkaibizi;Bizkaibizi;No especificado;43,2966;-2,987
Bizkaibizi;Spain;Berango;UTE Bizkaibizi;Bizkaibizi;No especificado;43,3619;-2,9968
Bizkaibizi;Spain;Bilbao;UTE Bizkaibizi;Bizkaibizi;No especificado;43,2617;-2,9491
Bizkaibizi;Spain;Erandio;UTE Bizkaibizi;Bizkaibizi;No especificado;43,3029;-2,9756
Bizkaibizi;Spain;getxo;UTE Bizkaibizi;Bizkaibizi;No especificado;43,3476;-3,0088
Bizkaibizi;Spain;Leioa;UTE Bizkaibizi;Bizkaibizi;No especificado;43,3266;-2,9897
Bizkaibizi;Spain;Portugalete;UTE Bizkaibizi;Bizkaibizi;No especificado;43,318;-3,0214
Bizkaibizi;Spain;Santurtzi;UTE Bizkaibizi;Bizkaibizi;No especificado;43,328;-3,0335
Bizkaibizi;Spain;Sestao;UTE Bizkaibizi;Bizkaibizi;No especificado;43,3093;-3,0068
BL bike;Bosnia and Herzegovina;Banja Luka;Nextbike GmbH;Nextbike;No especificado;44,775;17,1994
Blue Bikes;United States;Boston, MA;Motivate International, Inc.;No especificado;Sí;42,3584308;-71,0597732
Bora!;Portugal;CIM Viseu Dão-Lafões;SOLTRÁFEGO, SA;Soltrafego;No especificado;40,656392;-7,912545
Boulder BCycle;United States;Boulder, CO;BCycle, LLC;BCycle;No especificado;40,00811;-105,26385
Brennus à vélo;France;Sens;Fifteen SAS;No especificado;No especificado;48,197815;3,282785
BrindisiByBike;Italy;Brindisi;Comunicare S.r.l.;Bicincittà;No especificado;40,637580319936106;17,940774547082572
Broward BCycle;United States;Fort Lauderdale, FL;BCycle, LLC;BCycle;No especificado;26,12026;-80,14819
Bublr Bikes;United States;Milwaukee, WI;BCycle, LLC;BCycle;No especificado;43,0369;-87,89667
BUGA;Portugal;Aveiro;SOLTRÁFEGO, SA;Soltrafego;No especificado;40,6388;-8,6479
Bysykkel;Norway;Lillestrøm;JCDecaux;Cyclocity;No especificado;59,9559696;11,0503785
C.vélo;France;Clermont-Ferrand;CityBike France;No especificado;No especificado;45,7831;3,0824
Cagliari;Italy;Cagliari;Comunicare S.r.l.;Bicincittà;No especificado;39,220817;9,121399
Call-A-Bike;Germany;Berlin;Deutsche Bahn AG;deutschebahn;No especificado;52,5179;13,3895
Call-A-Bike;Germany;Darmstadt;Deutsche Bahn AG;deutschebahn;No especificado;49,8707135;8,6527299
Call-A-Bike;Germany;Frankfurt;Deutsche Bahn AG;deutschebahn;No especificado;50,1109;8,6795
Call-A-Bike;Germany;Köln;Deutsche Bahn AG;deutschebahn;No especificado;50,939;6,9595
Call-A-Bike;Germany;München;Deutsche Bahn AG;deutschebahn;No especificado;48,1375;11,5759
Capital BikeShare;United States;Washington, DC;Motivate International, Inc.;No especificado;Sí;38,8967584;-77,03701629999999
CapMetro Bikeshare;United States;Austin, TX;CapMetro;No especificado;No especificado;30,26408;-97,74355
Carbonia;Italy;Carbonia;Comunicare S.r.l.;Bicincittà;No especificado;39,167222;8,522222
carvelo eCargo-Bike Sharing;Switzerland;Switzerland;Mobilitätsakademie AG;No especificado;No especificado;46,9829;8,2331
Cascavel Vai de Bici;Brazil;Cascavel;Mobhis Automação Urbana;Mobhis;No especificado;-24,9558;-53,4566
Cassano d'Adda;Italy;Cassano d'Adda;Comunicare S.r.l.;Bicincittà;No especificado;45,5309616;9,5155813
Castellucchio;Italy;Castellucchio;Comunicare S.r.l.;Bicincittà;No especificado;45,15047821582959;10,651202201843262
Cenibici;Spain;Cenicientos;Instituto Tecnológico de Castilla y León (ITCL);bicicard;No especificado;40,2623;-4,4661
Chantrerie VLS (Captain Bike);France;La Chantrerie, Nantes;Ecovelo;Ecovelo;Sí;47,2868203;-1,5210917
Chartered Bike;India;Bhopal;CHARTERED BIKE PRIVATE LIMITED;Chartered Bike;No especificado;23,258546;77,401851
Chartered Bike;India;Bilaspur;CHARTERED BIKE PRIVATE LIMITED;Chartered Bike;No especificado;22,07834;82,14768
Chartered Bike;India;Moradabad;CHARTERED BIKE PRIVATE LIMITED;Chartered Bike;No especificado;28,83263;78,77346
Chartered Bike;India;Prayagraj;CHARTERED BIKE PRIVATE LIMITED;Chartered Bike;No especificado;25,43802;81,83383
Chartered Bike;India;Rajarhat New Town;CHARTERED BIKE PRIVATE LIMITED;Chartered Bike;No especificado;22,58797;88,4731
Chartered Bike;India;Ranchi;CHARTERED BIKE PRIVATE LIMITED;Chartered Bike;No especificado;23,37005;85,325004
Chartered Bike;India;Srinagar;CHARTERED BIKE PRIVATE LIMITED;Chartered Bike;No especificado;34,07471;74,82044
Chartered Bike;India;Surat;CHARTERED BIKE PRIVATE LIMITED;Chartered Bike;No especificado;21,18626;72,80798
Chivasso;Italy;Chivasso;Comunicare S.r.l.;Bicincittà;No especificado;45,189765;7,888935
Choletbus 2 roues;France;Cholet;Ecovelo;Ecovelo;Sí;47,06;-0,8783
CHROMEK;Poland;Chodzież;ROOVEE S.A.;No especificado;No especificado;52,992356972;16,926923576
Ciclopi;Italy;Pisa;Comunicare S.r.l.;Bicincittà;No especificado;43,7228386;10,4016888
Cincy Red Bike;United States;Cincinnati, OH;BCycle, LLC;BCycle;No especificado;39,10138;-84,51217
Citi Bike Miami;United States;Miami, FL;DecoBike LLC;DecoBike;No especificado;25,790654;-80,1300455
Citi Bike;United States;New York, NY;NYC Bike Share, LLC;No especificado;Sí;40,7143528;-74,00597309999999
City bikes;Finland;Tampere;Inurba Mobility;No especificado;No especificado;61,4985;23,7605
CityBike Lima;Peru;Lima;CityBike Miraflores S.A.C.;No especificado;No especificado;-12,1209;-77,0296
city bike Linz;Austria;Linz;Nextbike GmbH;Nextbike;No especificado;48,3003;14,2843
City bikes;Finland;Helsinki;Helsinki City Transport;No especificado;No especificado;60,1698;24,9384
Civitavecchia;Italy;Civitavecchia;Comunicare S.r.l.;Bicincittà;No especificado;42,0937524;11,7922462
Clemson University Bike Share;United States;Clemson, SC;BCycle, LLC;BCycle;No especificado;34,67847;-82,8351
Cluj Bike;Romania;Cluj-Napoca;Municipiul Cluj-Napoca;Clujbike;No especificado;46,775;23,5975
TFI Bikes;Ireland;Cork;The National Transport Authority;TFI Bikes;No especificado;51,893604;-8,494174
Cuneo;Italy;Cuneo;Comunicare S.r.l.;Bicincittà;No especificado;44,384238;7,541428
Cycl’AM;France;Ardenne Métropole;Ecovelo;Ecovelo;Sí;49,7719;4,7161
CYCLOlibre;France;Carcassonne;Ecovelo;Ecovelo;Sí;43,2127;2,3492
Γεωπονικό Πανεπιστήμιο Αθηνών (Agricultural University of Athens);Greece;Athens;Cyclopolis Systems;Cyclopolis;No especificado;37,9846;23,7056
Cyclopolis;Greece;Chania;Cyclopolis Systems;Cyclopolis;No especificado;35,5148425;24,0177549
Cyclopolis;Greece;Edessa;Cyclopolis Systems;Cyclopolis;No especificado;40,8033168;22,0436732
Cyclopolis;Greece;Igoumenitsa;Cyclopolis Systems;Cyclopolis;No especificado;39,5031199;20,2639271
Cyclopolis;Greece;Loutraki;Cyclopolis Systems;Cyclopolis;No especificado;37,9782137;22,9767486
Cyclopolis;Greece;Poros;Cyclopolis Systems;Cyclopolis;No especificado;37,4995;23,4546
Cyclovis;France;Soissons;Ecovelo;Ecovelo;Sí;49,3817;3,3236
Cykl;Netherlands;Wageningen;Open Source Bike Share;OpenSourceBikeShare;No especificado;51,974;5,6671
Dbizi;Spain;Donostia/San Sebastián;UTE BIZISS;No especificado;No especificado;43,3186;-1,9836
DCS Bike;Germany;Mannheim;Nextbike GmbH;Nextbike;No especificado;49,5346;8,47004
Lyft;United States;Denver, CO;Lyft Inc.;No especificado;No especificado;39,72055;-104,95253
Des Moines BCycle;United States;Des Moines, IA;BCycle, LLC;BCycle;No especificado;41,6005448;-93,6091064
DiviaVélodi;France;Dijon;Cykleo SAS;Cykleo;No especificado;47,3215806;5,0414701
Divvy;United States;Chicago, IL;Motivate International, Inc.;No especificado;Sí;41,8781136;-87,6297982
Docomo Bike Share Aichi;Japan;愛知県 (Aichi);DOCOMO BIKE SHARE, INC.;No especificado;No especificado;35,1835;136,904
Docomo Bike Share Fukui;Japan;福井県 (Fukui);DOCOMO BIKE SHARE, INC.;No especificado;No especificado;36,0665;136,2138
Docomo Bike Share Gifu;Japan;岐阜県 (Gifu);DOCOMO BIKE SHARE, INC.;No especificado;No especificado;35,4512;137,02627
Docomo Bike Share Hiroshima;Japan;広島県 (Hiroshima);DOCOMO BIKE SHARE, INC.;No especificado;No especificado;34,3904;132,4527
Docomo Bike Share Hyōgo;Japan;兵庫県 (Hyōgo);DOCOMO BIKE SHARE, INC.;No especificado;No especificado;34,8147;134,689
Docomo Bike Share Ibaraki;Japan;茨城県 (Ibaraki);DOCOMO BIKE SHARE, INC.;No especificado;No especificado;36,3732;140,2549
Docomo Bike Share Ishikawa;Japan;石川県 (Ishikawa);DOCOMO BIKE SHARE, INC.;No especificado;No especificado;36,5594;136,658
Docomo Bike Share Kagoshima;Japan;鹿児島県 (Kagoshima);DOCOMO BIKE SHARE, INC.;No especificado;No especificado;31,588;130,5547
Docomo Bike Share Kanagawa;Japan;神奈川県 (Kanagawa);DOCOMO BIKE SHARE, INC.;No especificado;No especificado;35,4504;139,625
Docomo Bike Share Kyoto;Japan;京都府 (Kyoto);DOCOMO BIKE SHARE, INC.;No especificado;No especificado;35,0001;135,7587
Docomo Bike Share Miyagi;Japan;茨城県 (Miyagi);DOCOMO BIKE SHARE, INC.;No especificado;No especificado;38,2607;140,8814
Docomo Bike Share Nara;Japan;奈良県 (Nara);DOCOMO BIKE SHARE, INC.;No especificado;No especificado;34,6839;135,8087
Docomo Bike Share Niigata;Japan;新潟県 (Niigata);DOCOMO BIKE SHARE, INC.;No especificado;No especificado;37,9186;139,0488
Docomo Bike Share Ōita;Japan;大分県 (Ōita);DOCOMO BIKE SHARE, INC.;No especificado;No especificado;33,2393;131,6124
Docomo Bike Share Okayama;Japan;岡山県 (Okayama);DOCOMO BIKE SHARE, INC.;No especificado;No especificado;34,603;133,765
Docomo Bike Share Okinawa;Japan;沖縄県 (Okinawa);DOCOMO BIKE SHARE, INC.;No especificado;No especificado;26,2097;127,6841
Docomo Bike Share Osaka;Japan;大阪府 (Osaka);DOCOMO BIKE SHARE, INC.;No especificado;No especificado;34,693;135,5028
Docomo Bike Share Shiga;Japan;滋賀県 (Shiga);DOCOMO BIKE SHARE, INC.;No especificado;No especificado;35,0378;135,9801
Docomo Bike Share Tokyo;Japan;Tokyo;DOCOMO BIKE SHARE, INC.;No especificado;No especificado;35,6827;139,766
Docomo Bike Share Yamanashi;Japan;山梨県 (Yamanashi);DOCOMO BIKE SHARE, INC.;No especificado;No especificado;35,6848;138,733
Donkey Republic - Gent;Belgium;Gent;Donkey Republic;No especificado;No especificado;51,05;3,7303
Dott Aachen;Germany;Aachen;Dott;No especificado;No especificado;50,776346;6,083856
Dott Ibiza;Spain;Ibiza;Dott;No especificado;No especificado;38,91;1,4334
Dott;Spain;Murcia;Dott;No especificado;No especificado;37,9872;-1,1287
Dott Tarragona;Spain;Tarragona;Dott;No especificado;No especificado;41,1178;1,2553
Dott Tübingen;Germany;Tübingen;Dott;No especificado;No especificado;48,521;9,0534
Dubai Careem BIKE;United Arab Emirates;Dubai;Careem;No especificado;No especificado;25,1713;55,2324
dublinbikes;Ireland;Dublin;JCDecaux;Cyclocity;No especificado;53,3498053;-6,2603097
e-Cargobike Sharing;Sweden;Göteborg;Nextbike GmbH;Nextbike;No especificado;57,7005;11,9504
e.motion;Italy;Rovereto;Comunicare S.r.l.;Bicincittà;No especificado;45,88710661061543;11,042242751867644
e.motion;Italy;Trento;Comunicare S.r.l.;Bicincittà;No especificado;46,06643205823519;11,122145390351879
EasyBike;Greece;Didymoteicho;Brainbox Technology;EasyBike;No especificado;41,3502539849;26,4972960949
EasyBike;Greece;Glyfada;Brainbox Technology;EasyBike;No especificado;37,8715809825;23,7355544376
EasyBike;Greece;Igoumenitsa;Brainbox Technology;EasyBike;No especificado;39,5005770633;20,2635206985
EasyBike;Greece;Ioannina;Brainbox Technology;EasyBike;No especificado;39,6639818;20,8522784
EasyBike;Greece;Karditsa;Brainbox Technology;EasyBike;No especificado;39,3634604;21,9211192
EasyBike;Greece;Kinouria;Brainbox Technology;EasyBike;No especificado;37,1476704305;22,8933729935
EasyBike;Greece;Komotini;Brainbox Technology;EasyBike;No especificado;41,117833;25,4041307
EasyBike;Greece;Mani;Brainbox Technology;EasyBike;No especificado;41,4097472;26,4024952
EasyBike;Greece;Patra;Brainbox Technology;EasyBike;No especificado;38,2410966371;21,7259683418
EasyBike;Greece;Rethymno;Brainbox Technology;EasyBike;No especificado;35,3667571777;24,4832845736
EasyBike;Greece;Samos;Brainbox Technology;EasyBike;No especificado;37,754065919;26,9787850189
EcoBici;Mexico;Cd de México;5M2 S.A. DE C.V.;No especificado;No especificado;19,4326077;-99,133208
Ecobici;Argentina;Buenos Aires;Tembici;No especificado;No especificado;-34,630665;-58,41156
EDEKA Grünheide;Germany;Grünheide (Mark);Nextbike GmbH;Nextbike;No especificado;52,4247;13,8203
Eifel e-Bike;Germany;Eifel e-Bike;Nextbike GmbH;Nextbike;No especificado;50,5771;6,64673
El Paso BCycle;United States;El Paso, TX;BCycle, LLC;BCycle;No especificado;31,76148;-106,48507
eMobi (Croatia);Croatia;Osijek;Nextbike GmbH;Nextbike;No especificado;45,554;18,6943
EnCicla;Colombia;Medellin;Sistema de Bicicletas Públicas del Valle de Aburrá;Encicla;No especificado;6,2443;-75,5735
Enna;Italy;Enna;Comunicare S.r.l.;Bicincittà;No especificado;37,56342572664775;14,27973747253418
어울링 (Eoulling);Korea, Republic of;세종 (Sejong);Sejong City Transportation Corporation;No especificado;No especificado;36,4901;127,2829
esel.ac;Germany;Aachen;esel.ac Bikesharing e.V.;No especificado;No especificado;50,776346;6,083856
Fa.Mo.Se;Italy;Senigallia;Comuni di Senigallia e Mondolfo;Nextbike;No especificado;43,7603;13,1139
Figas;Portugal;Figueira da Foz;Município de Figueira da Foz;No especificado;No especificado;40,1548;-8,8613
Fölläri bikes;Finland;Turku;Turku Region Traffic Föli;No especificado;No especificado;60,4506;22,2666
Trinity Metro Bikes;United States;Fort Worth, TX;Trinity Metro;No especificado;No especificado;32,7516;-97,32888
FRee Bike sharing;Italy;Frosinone;Comunicare S.r.l.;Bicincittà;No especificado;41,645081;13,342123
Vilkku-fillarit;Finland;Kuopio;freebike;No especificado;No especificado;62,8923;27,6791
Mankeli;Finland;Lahti;freebike;No especificado;No especificado;60,9846;25,6567
Frelo;Germany;Freiburg;Nextbike GmbH;Nextbike;No especificado;47,9958;7,84453
TFI Bikes;Ireland;Galway;The National Transport Authority;TFI Bikes;No especificado;53,2783491544;-9,05069143207
Ganxeta;Spain;Reus;REUS MOBILITAT I SERVEIS, S.A. (RMS);No especificado;No especificado;41,1589;1,10623
Gbici;Spain;Getafe;Instituto Tecnológico de Castilla y León (ITCL);No especificado;No especificado;40,308;-3,7301
Gijón Bici;Spain;Gijón;Citybike España S.L.U.;Fifteen;No especificado;43,5396116;-5,6663604
Gimme Bike;Italy;Varese;Comunicare S.r.l.;Bicincittà;No especificado;45,8183902;8,823913
Gira;Portugal;Lisbon;EMEL;Gira;No especificado;38,724954;-9,149334
Girocleta;Spain;Girona;ICNITA S.L.;Emovity;No especificado;41,9794005;2,8214264
Biki;United States;Honolulu;Bikeshare Hawaii Island;No especificado;No especificado;21,3043;-157,856
GoodBike;Italy;Padova;Bicincitta Italia S.r.l.;Weelo;No especificado;45,4064349;11,8767611
Nextbike;Croatia;Drniš;Nextbike GmbH;Nextbike;No especificado;43,8425;16,1197
Grad Ivanić-Grad;Croatia;Ivanic Grad;Nextbike GmbH;Nextbike;No especificado;45,7062;16,3919
Grad Karlovac;Croatia;Karlovac;Nextbike GmbH;Nextbike;No especificado;45,4905;15,5503
Grad Šibenik;Croatia;Šibenik;Nextbike GmbH;Nextbike;No especificado;43,733;15,8982
Grad Sisak;Croatia;Sisak;Nextbike GmbH;Nextbike;No especificado;45,4875;16,3753
Grad Slavonski Brod;Croatia;Slavonski Brod;Nextbike GmbH;Nextbike;No especificado;45,1656;18,0183
Grad Vukovar (Croatia);Croatia;Vukovar;Nextbike GmbH;Nextbike;No especificado;45,3575;18,9895
Grad Zadar;Croatia;Zadar;Nextbike GmbH;Nextbike;No especificado;44,0058;15,2183
Grad Zaprešić (Croatia);Croatia;Zaprešić;Nextbike GmbH;Nextbike;No especificado;45,8622;15,8049
Graoulib;France;Metz;Metz Métropole;No especificado;No especificado;49,1167;6,1667
GREENbike;United States;Salt Lake City;BCycle, LLC;BCycle;No especificado;40,76745;-111,88736
Greenville BCycle;United States;Greenville, SC;BCycle, LLC;BCycle;No especificado;34,85261759999999;-82,3940104
StadtRad Greifswald;Germany;Greifswald (StadtRad);Nextbike GmbH;Nextbike;No especificado;54,0961;13,3787
HELLO CYCLING Aichi;Japan;愛知県 (Aichi);OpenStreet Corp.;No especificado;No especificado;35,1827;136,9096
HELLO CYCLING Chiba;Japan;千葉県 (Chiba);OpenStreet Corp.;No especificado;No especificado;35,6687;140,0201
HELLO CYCLING Ehime;Japan;愛媛県 (Ehime);OpenStreet Corp.;No especificado;No especificado;33,8445;132,76913
HELLO CYCLING Fukuoka;Japan;福岡県 (Fukuoka);OpenStreet Corp.;No especificado;No especificado;33,8823;130,8759
HELLO CYCLING Gifu;Japan;岐阜県 (Gifu);OpenStreet Corp.;No especificado;No especificado;35,3348;137,1236
HELLO CYCLING Hiroshima;Japan;広島県 (Hiroshima);OpenStreet Corp.;No especificado;No especificado;34,40061;133,19824
HELLO CYCLING Hyougo;Japan;兵庫県 (Hyougo);OpenStreet Corp.;No especificado;No especificado;34,7356;135,3697
HELLO CYCLING Ibaraki;Japan;茨城県 (Ibaraki);OpenStreet Corp.;No especificado;No especificado;36,0852;140,2008
HELLO CYCLING Iwate;Japan;岩手県 (Iwate);OpenStreet Corp.;No especificado;No especificado;39,6992;141,1343
HELLO CYCLING Kagawa;Japan;香川県 (Kagawa);OpenStreet Corp.;No especificado;No especificado;34,4898;134,26
HELLO CYCLING Kanagawa;Japan;神奈川県 (Kanagawa);OpenStreet Corp.;No especificado;No especificado;35,3629;139,4677
HELLO CYCLING Kumamoto;Japan;熊本県 (Kumamoto);OpenStreet Corp.;No especificado;No especificado;32,21207;130,75388
HELLO CYCLING Kyoto;Japan;京都府 (Kyoto);OpenStreet Corp.;No especificado;No especificado;35,01897;135,75747
HELLO CYCLING Nagano;Japan;長野県 (Nagano);OpenStreet Corp.;No especificado;No especificado;36,2395;137,9697
HELLO CYCLING Nara;Japan;奈良県 (Nara);OpenStreet Corp.;No especificado;No especificado;34,6819;135,8007
HELLO CYCLING Okinawa;Japan;沖縄県 (Okinawa);OpenStreet Corp.;No especificado;No especificado;26,2127;127,6828
HELLO CYCLING Osaka;Japan;大阪府 (Osaka);OpenStreet Corp.;No especificado;No especificado;34,6917;135,5091
HELLO CYCLING Saga;Japan;佐賀県 (Saga);OpenStreet Corp.;No especificado;No especificado;33,2622;130,2988
HELLO CYCLING Saitama;Japan;埼玉県 (Saitama);OpenStreet Corp.;No especificado;No especificado;35,86017;139,64347
HELLO CYCLING Shizuoka;Japan;静岡県 (Shizuoka);OpenStreet Corp.;No especificado;No especificado;34,9769;138,3855
HELLO CYCLING Tochigi;Japan;栃木県 (Tochigi);OpenStreet Corp.;No especificado;No especificado;36,75349;139,6115
HELLO CYCLING Tokyo;Japan;東京都 (Tokyo);OpenStreet Corp.;No especificado;No especificado;35,671;139,765
Hi-Bike Fort William;United Kingdom;Fort William;HITRANS;No especificado;Sí;56,8171;-5,1054
Hi-Bike Inverness;United Kingdom;Inverness;HITRANS;No especificado;Sí;57,4767;-4,2269
Hibike;United States;Kailua-Kona;Bikeshare Hawaii Island;No especificado;No especificado;19,6417;-155,9962
IDEcycle;France;Pau;Fifteen SAS;No especificado;No especificado;43,2957547;-0,3685668
Indego;United States;Philadelphia, PA;City of Philadelphia;BCycle;No especificado;39,95378;-75,16374
Indiana Pacers Bikeshare;United States;Indianapolis, IN;BCycle, LLC;BCycle;No especificado;39,76593;-86,16216
Smart Bikes by Infralobo;Portugal;Vale do Lobo;Infralobo;No especificado;No especificado;37,055;-8,0643
Integrabike;Brazil;Sorocaba;Prefeiture de Sorocaba;Mobhis;No especificado;-23,5015;-47,4526
Jackson County BCycle;United States;Jackson, MI;BCycle, LLC;BCycle;No especificado;42,2462;-84,4031
Nextbike;Croatia;Jastrebarsko;Nextbike GmbH;Nextbike;No especificado;45,6692;15,6541
JesinBici;Italy;Jesi;Comunicare S.r.l.;Bicincittà;No especificado;43,522601;13,244448
JOCO New York;United States;New York;BEAM BIKE CORP.;No especificado;Sí;40,7572;-73,9859
Kaakau;Finland;Kotka;Donkey Republic;No especificado;No especificado;60,4679;26,9452
Kaakau;Finland;Kouvola;Donkey Republic;No especificado;No especificado;60,8702;26,7031
Kaakau;Finland;Lappeenranta;Donkey Republic;No especificado;No especificado;61,0586;28,1862
Kaakau;Finland;Turku;Donkey Republic;No especificado;No especificado;60,4514;22,267
Karu'Vélo;France;Pointe-à-Pitre;Ecovelo;Ecovelo;Sí;16,2411;-61,5331
Kołobrzeski Rower Nextbike;Poland;Kołobrzeg;Nextbike GmbH;Nextbike;No especificado;54,1756;15,5702
Bysykkelen;Norway;Rogaland;Kolumbus;kolumbus;Sí;58,9689;5,731
Kotobike;Japan;京都 (Kyoto);QBEI.inc;No especificado;No especificado;35,0115;135,7518
KROTOWER;Poland;Krotoszyn;ROOVEE S.A.;No especificado;No especificado;51,695079658;17,441078438
Kuitun Bike;China;奎屯市 (Kuitun);No especificado;No especificado;No especificado;44,429;84,9009
KVB Rad;Germany;Köln;Nextbike GmbH;Nextbike;No especificado;50,9429;6,95649
LastenVelo Freiburg;Germany;Freiburg;LastenVelo Freiburg e.V.;No especificado;No especificado;47,9981;7,8439
Le Marcel;France;Troyes;Ecovelo;Ecovelo;Sí;48,2997;4,0792
LeVélo;France;Marseille;LeVélo AMP Métropole;No especificado;No especificado;43,296482;5,36978
LE vélo Star;France;Rennes;Keolis;Keolis;No especificado;48,114167;-1,680833
lecce;Italy;Lecce;Comunicare S.r.l.;Bicincittà;No especificado;40,35040350928062;18,177824020385742
Bicincittà;Italy;Lecco;Comunicare S.r.l.;Bicincittà;No especificado;45,8565698;9,397670399999999
Li bia velo;Belgium;Namur;JCDecaux;Cyclocity;No especificado;50,465328;4,867665
Libélo;France;Valence;PBSC Urban Solutions;No especificado;No especificado;44,922726;4,905634
Lime Portland;United States;Portland, OR;Lime;No especificado;No especificado;45,5152;-122,6784
Lime San Francisco;United States;San Francisco, CA;Lime;No especificado;No especificado;37,7749;-122,4194
Lime Seattle;United States;Seattle, WA;Lime;No especificado;No especificado;47,6062;-122,3321
TFI Bikes;Ireland;Limerick;The National Transport Authority;TFI Bikes;No especificado;52,668746;-8,627809
BikeLNK;United States;Lincoln, NE;BCycle, LLC;BCycle;No especificado;40,8087;-96,7075
LinkBike;Malaysia;Penang;FAST RENT BIKE (PG) Sdn. Bhd;No especificado;No especificado;5,4192;100,3281
LonganoinBici;Italy;Barcellona Pozzo di Gotto;Comunicare S.r.l.;Bicincittà;No especificado;38,149812517944284;15,212116241455078
Lovélo Libre Service;France;Rouen;Citybike Normandie;No especificado;No especificado;49,4432552;1,0999821
Lovesharing (Canary Islands);Spain;Fuerteventura;Nextbike GmbH;Nextbike;No especificado;28,3584;-14,064
Lovesharing (Canary Islands);Spain;Gran Canaria;Nextbike GmbH;Nextbike;No especificado;27,8154;-15,5182
Lovesharing (Canary Islands);Spain;Lanzarote;Nextbike GmbH;Nextbike;No especificado;29,0491;-13,5729
Lundahoj;Sweden;Lund;JCDecaux;Cyclocity;No especificado;55,7046601;13,1910073
BCycle;United States;Madison, WI;BCycle, LLC;BCycle;No especificado;43,07571;-89,38527
Malmö by bike;Sweden;Malmö;ClearChannel;SmartBike;No especificado;55,605;13,0038
Manerba in Bici;Italy;Manerba del Garda;Comunicare S.r.l.;Bicincittà;No especificado;45,561179;10,559406
Mar e Bici;Italy;Marciana Marina;Comunicare S.r.l.;Bicincittà;No especificado;42,805855;10,196514
Marseillan vélo libre-service;France;Marseillan;Ecovelo;Ecovelo;No especificado;43,3572;3,5283
MBajk;Slovenia;Maribor;JCDecaux;Cyclocity;No especificado;46,5547;15,6459
RGV BCycle;United States;McAllen, TX;BCycle, LLC;BCycle;No especificado;26,20438;-98,2261
Medina Careem BIKE;Saudi Arabia;Medina;Careem;No especificado;No especificado;24,4682;39,612
Meglio in Bici;Italy;Cernusco sul Naviglio - Pioltello - Carugate;Comunicare S.r.l.;Bicincittà;No especificado;45,520541;9,341984
Mein konrad;Germany;Konstanz;Nextbike GmbH;Nextbike;No especificado;47,6732;9,1663
meioB;Portugal;Médio Tejo;CIM Médio Tejo;No especificado;No especificado;39,6024;-8,4069
Explore Bike Share;United States;Memphis, TN;BCycle, LLC;BCycle;No especificado;35,1486;-90,045
Metro Bike Share;United States;Los Angeles, CA;Los Angeles County Metropolitan Transportation Authority (Metro);BCycle;No especificado;34,04855;-118,25905
Metrorower;Poland;Górnośląsko-Zagłębiowska Metropolia;Górnośląsko-Zagłębiowska Metropolia;Nextbike;No especificado;50,2664;19,0217
MIBICI;Mexico;Guadalajara;BKT bici publica S.A. de C.V.;No especificado;No especificado;20,6737883;-103,3704325
Mi bici tu bici;Argentina;Rosario;Mobilicidade Tecnologia LTD;No especificado;No especificado;-32,95;-60,65
MIBISI;Spain;Valencia, área metropolitana;Movilidad Urbana Sostenible SLU;No especificado;No especificado;39,4745;-0,4189
MICikel;Slovenia;Laško;CULT d.o.o.;No especificado;No especificado;46,1661;15,166
Mi Muovo in Bici;Italy;Ferrara;Comunicare S.r.l.;Bicincittà;No especificado;44,8350382;11,6240562
MOBIbike;Germany;Dresden;Nextbike GmbH;Nextbike;No especificado;51,0535;13,7387
Mobi;Canada;Vancouver;Vanncouver Bike Share Inc.;No especificado;No especificado;49,2827;-123,1207
MoGo;United States;Detroit, MI;PBSC Urban Solutions;No especificado;Sí;42,331548;-83,0465
MonaBike;Monaco;Monaco;PBSC Urban Solutions;No especificado;No especificado;43,733333;7,416667
Monopoli BIKE;Italy;Monopoli;Comunicare S.r.l.;Bicincittà;No especificado;40,94519109440738;17,311687995336918
Movemix Bike;Germany;Halle (Saale);Nextbike GmbH;Nextbike;No especificado;51,4938;11,9628
MugiBIKE;Spain;Vitoria-Gasteiz;UTE MoFIf Vitoria;No especificado;No especificado;42,8465;-2,6724
meinRad MVG Mainz;Germany;Mainz;Mainzer Verkehrsgesellschaft mbH;Nextbike;No especificado;50,0153;8,252
MV-Rad;Germany;MV-Rad;Nextbike GmbH;Nextbike;No especificado;53,6707;12,4255
Nashville BCycle;United States;Nashville, TN;BCycle, LLC;BCycle;No especificado;36,15768;-86,773
nbici;Spain;Pamplona;Bicincitta Italia S.r.l.;Weelo;No especificado;42,8116631;-1,6482653
NemoVélo;France;Nîmes;Ecovelo;Ecovelo;Sí;43,83819;4,35997
Neuchâtelroule;Switzerland;Neuchâtel;Donkey Republic;No especificado;No especificado;46,9916;6,9269
Arriva Bike;Slovakia;Senec;Nextbike GmbH;Nextbike;No especificado;48,3091;18,0862
Nextbike;Czechia;Benešov;Nextbike GmbH;Nextbike;No especificado;49,7827;14,6867
nextbike Bergamo;Italy;Bergamo;Nextbike GmbH;Nextbike;No especificado;45,6986;9,67567
Nextbike;Germany;Berlin;Nextbike GmbH;Nextbike;No especificado;52,5087;13,3563
nextbike Berounsko;Czechia;Berounsko;Nextbike GmbH;Nextbike;No especificado;49,9616;14,064
meinSiggi;Germany;Bielefeld;Nextbike GmbH;Nextbike;No especificado;52,0257;8,53286
Bike City;Romania;Slobozia;Nextbike GmbH;Nextbike;No especificado;44,5653;27,3629
Bike Sharing Alimos;Greece;Alimos;Nextbike GmbH;Nextbike;No especificado;37,917;23,7188
Bike Sharing Elliniko – Argyroupoli;Greece;Elliniko;Nextbike GmbH;Nextbike;No especificado;37,8925;23,7479
Bike Sharing Glyfada;Greece;Glyfada;Nextbike GmbH;Nextbike;No especificado;37,8762;23,7566
Bike Sharing Palaio Faliro;Greece;Palaio Faliro;Nextbike GmbH;Nextbike;No especificado;37,9281;23,7014
BikeCity;Romania;Campia Turzii;Nextbike GmbH;Nextbike;No especificado;46,5459;23,8832
Bikesharing Amprion;Germany;Amprion;Nextbike GmbH;Nextbike;No especificado;51,0055;6,7511
Welo;Germany;Bonn;Nextbike GmbH;Nextbike;No especificado;50,7367;7,09541
nextbike Brno;Czechia;Brno;Nextbike GmbH;Nextbike;No especificado;49,1911;16,6148
Campus Berlin-Buch;Germany;Berlin-Buch;Nextbike GmbH;Nextbike;No especificado;52,6325;13,5015
Nextbike;Czechia;Česká Třebová;Nextbike GmbH;Nextbike;No especificado;49,9021;16,4458
nextbike Český Brod;Czechia;Český Brod;Nextbike GmbH;Nextbike;No especificado;50,0734;14,8599
Nextbike;Croatia;Croatia;Nextbike GmbH;Nextbike;No especificado;45,213;16,1499
Nextbike;Croatia;Stankovci;Nextbike GmbH;Nextbike;No especificado;43,9071;15,695
Nextbike;Germany;Düsseldorf;Nextbike GmbH;Nextbike;No especificado;51,2243;6,77204
nextbike Dvůr Králové;Czechia;Dvůr Králové;Nextbike GmbH;Nextbike;No especificado;50,4278;15,8162
Nextbike;Switzerland;Ennetmoos;Nextbike GmbH;Nextbike;No especificado;46,9573;8,3377
euregiobike;Germany;Aachen;Nextbike GmbH;Nextbike;No especificado;50,7752;6,08477
EVENTbike;Austria;Neusiedler See;Nextbike GmbH;Nextbike;No especificado;47,8583;16,7706
flux Bikesharing;Germany;Friedrichsdorf - Neu-Anspach - Usingen;Nextbike GmbH;Nextbike;No especificado;50,3033;8,56041
Nextbike;Czechia;Frýdek-Místek;Nextbike GmbH;Nextbike;No especificado;49,6832;18,3457
Nextbike;Germany;Gießen;Nextbike GmbH;Nextbike;No especificado;50,5943;8,68097
Grad Križevci;Croatia;Križevci;Nextbike GmbH;Nextbike;No especificado;46,0225;16,5482
Nextbike;Croatia;Grad Split;Nextbike GmbH;Nextbike;No especificado;43,5162;16,4637
Grad Velika Gorica (Croatia);Croatia;Velika Gorica;Nextbike GmbH;Nextbike;No especificado;45,7119;16,0689
GRM Grodzisk Poland;Poland;Grodzisk Mazowiecki;Nextbike GmbH;Nextbike;No especificado;52,113;20,6265
Nextbike;Germany;Gütersloh;Nextbike GmbH;Nextbike;No especificado;51,9049;8,39275
Nextbike;Germany;Kreis Soest;Nextbike GmbH;Nextbike;No especificado;51,5632;8,11451
Nextbike;Switzerland;Hergiswil;Nextbike GmbH;Nextbike;No especificado;46,9905;8,30829
nextbike Hodonín;Czechia;Hodonín;Nextbike GmbH;Nextbike;No especificado;48,8489;17,1327
Nextbike;Czechia;Hořice;Nextbike GmbH;Nextbike;No especificado;50,3704;15,6327
Nextbike;Switzerland;Horw;Nextbike GmbH;Nextbike;No especificado;47,0188;8,30828
nextbike Hradec Králové;Czechia;Hradec Králové;Nextbike GmbH;Nextbike;No especificado;50,2079;15,8334
nextbike Hranice;Czechia;Hranice;Nextbike GmbH;Nextbike;No especificado;49,5566;17,7332
Nextbike;Czechia;Jablonec nad Nisou;Nextbike GmbH;Nextbike;No especificado;50,7225;15,1681
JasKółka;Poland;Jastrzębie-Zdrój;Nextbike GmbH;Nextbike;No especificado;49,9537;18,6005
nextbike Jičín;Czechia;Jičín;Nextbike GmbH;Nextbike;No especificado;50,4367;15,3743
KVV.nextbike;Germany;Karlsruhe;Nextbike GmbH;Nextbike;No especificado;49,0102;8,41827
Nextbike;Germany;Kassel;Nextbike GmbH;Nextbike;No especificado;51,3127;9,47975
nextbike Kladno;Czechia;Kladno;Nextbike GmbH;Nextbike;No especificado;50,1435;14,1082
Nextbike;Austria;Klagenfurt;Nextbike GmbH;Nextbike;No especificado;46,6335;14,3085
Nextbike;Czechia;Klášterec nad Ohří;Nextbike GmbH;Nextbike;No especificado;50,3861;13,1771
Nextbike;Czechia;Kolín;Nextbike GmbH;Nextbike;No especificado;50,0269;15,21
Koniński Rower Miejski Poland;Poland;Konin;Nextbike GmbH;Nextbike;No especificado;52,2328;18,2538
Koszaliński Rower Miejski Poland;Poland;Koszalin;Nextbike GmbH;Nextbike;No especificado;54,1866;16,1877
nextbike Krnov;Czechia;Krnov;Nextbike GmbH;Nextbike;No especificado;50,09;17,7027
nextbike Kyjov;Czechia;Kyjov;Nextbike GmbH;Nextbike;No especificado;49,0092;17,1209
Nextbike;Germany;Schkeuditz;Nextbike GmbH;Nextbike;No especificado;51,3941;12,2456
Nextbike;Germany;Leipzig;Nextbike GmbH;Nextbike;No especificado;51,3415;12,3625
Nextbike;Czechia;Liberec;Nextbike GmbH;Nextbike;No especificado;50,7646;15,0531
Nextbike;Cyprus;Limassol;Nextbike GmbH;Nextbike;No especificado;34,6823;33,0464
nextbike Lipník nad Bečvou;Czechia;Lipník nad Bečvou;Nextbike GmbH;Nextbike;No especificado;49,527;17,5874
nextbike Litovel;Czechia;Litovel;Nextbike GmbH;Nextbike;No especificado;49,6999;17,0788
ŁoKeR - Łomża;Poland;Łomża;Nextbike GmbH;Nextbike;No especificado;53,1733;22,0726
Nextbike;Czechia;Lovosice;Nextbike GmbH;Nextbike;No especificado;50,5147;14,0542
Nextbike;Switzerland;Luzern;Nextbike GmbH;Nextbike;No especificado;47,0472;8,30446
Nextbike;Germany;Marburg;Nextbike GmbH;Nextbike;No especificado;50,8019;8,76444
Nextbike;Czechia;Mladá Boleslav;Nextbike GmbH;Nextbike;No especificado;50,4278;14,8999
Mławskie Rowery Miejskie;Poland;Mława;Nextbike GmbH;Nextbike;No especificado;53,1188;20,3831
moin mobil Achim;Germany;Achim - Ottersberg;Nextbike GmbH;Nextbike;No especificado;53,0785;8,69153
MOOINZ;Switzerland;Chur;Nextbike GmbH;Nextbike;No especificado;46,8542;9,52676
Nextbike;Czechia;Moravská Třebová;Nextbike GmbH;Nextbike;No especificado;49,7601;16,6573
MyRadl ;Germany;München;Nextbike GmbH;Nextbike;No especificado;48,139;11,5746
nextbike Neratovice;Czechia;Neratovice;Nextbike GmbH;Nextbike;No especificado;50,2589;14,525
Nextbike;Cyprus;Nicosia;Nextbike GmbH;Nextbike;No especificado;35,1728;33,3653
Nextbike;Austria;Niederösterreich;Nextbike GmbH;Nextbike;No especificado;48,2515;16,0993
Nextbike;Germany;Norderstedt;Nextbike GmbH;Nextbike;No especificado;53,6969;10,002
Nextbike;Switzerland;Oberdorf;Nextbike GmbH;Nextbike;No especificado;46,9563;8,3884
nextbike OlbramoviceVotice;Czechia;Olbramovice/Votice;Nextbike GmbH;Nextbike;No especificado;49,6525;14,6355
nextbike Olomouc;Czechia;Olomouc;Nextbike GmbH;Nextbike;No especificado;49,5929;17,2459
nextbike Opava;Czechia;Opava;Nextbike GmbH;Nextbike;No especificado;49,9447;17,8907
Nextbike Ortenaukreis;Germany;Ortenaukreis;nextbike GmbH;Nextbike;No especificado;48,4721;7,94243
nextbike Ostrava;Czechia;Ostrava;Nextbike GmbH;Nextbike;No especificado;49,8344;18,2823
nextbike Otrokovice;Czechia;Otrokovice;Nextbike GmbH;Nextbike;No especificado;49,1997;17,5356
Otwocki Rower Miejski;Poland;Otwock;Nextbike GmbH;Nextbike;No especificado;52,1042;21,2538
Nextbike;Czechia;Pelhřimov;Nextbike GmbH;Nextbike;No especificado;49,4295;15,2239
Piaseczyński Rower Miejski;Poland;Piaseczno;Nextbike GmbH;Nextbike;No especificado;52,0733;21,0269
nextbike Písek;Czechia;Písek;Nextbike GmbH;Nextbike;No especificado;49,3051;14,1463
Porec bike share;Croatia;Poreč;Nextbike GmbH;Nextbike;No especificado;45,2276;13,5972
Nextbike;Germany;Potsdam;Nextbike GmbH;Nextbike;No especificado;52,3997;13,0676
nextbike Praha;Czechia;Praha;Nextbike GmbH;Nextbike;No especificado;50,0592;14,5761
nextbike Prerov;Czechia;Prerov;Nextbike GmbH;Nextbike;No especificado;49,4574;17,4408
Prishtina bike;XK;Prishtina;Nextbike GmbH;Nextbike;No especificado;42,6729;21,1907
Pruszkowski Rower Miejski;Poland;Pruszków;Nextbike GmbH;Nextbike;No especificado;52,1617;20,8071
nextbike Roudnice nad Labem;Czechia;Roudnice nad Labem;Nextbike GmbH;Nextbike;No especificado;50,4235;14,2571
Rower Miejski w Ostrowie Wielkopolskim;Poland;Ostrów Wielkopolski;Nextbike GmbH;Nextbike;No especificado;51,6368;17,7958
Rower Powiatowy Sokołów Podlaski;Poland;Sokołów Podlaski;Nextbike GmbH;Nextbike;No especificado;52,4093;22,2526
Nextbike;Germany;Rüsselsheim am Main;Nextbike GmbH;Nextbike;No especificado;49,9881;8,42142
nextbike Rychnovsko;Czechia;Rychnovsko;Nextbike GmbH;Nextbike;No especificado;50,1668;16,2828
S11-Bike;Germany;S11-Bike;Nextbike GmbH;Nextbike;No especificado;50,9817;7,07107
Nextbike;Bosnia and Herzegovina;Sarajevo;Nextbike GmbH;Nextbike;No especificado;43,85;18,39
Nextbike;Switzerland;Sarnen;Nextbike GmbH;Nextbike;No especificado;46,8963;8,24614
Nextbike;Switzerland;Stans;Nextbike GmbH;Nextbike;No especificado;46,9593;8,36836
Nextbike;Switzerland;Stansstad;Nextbike GmbH;Nextbike;No especificado;46,9801;8,34098
Nextbike;United Kingdom;Stirling;Nextbike GmbH;Nextbike;No especificado;56,1165;-3,9369
nextbike Šumperk;Czechia;Šumperk;Nextbike GmbH;Nextbike;No especificado;49,9726;16,9994
Nextbike;Switzerland;Sursee;Nextbike GmbH;Nextbike;No especificado;47,1713;8,10877
System Rowerów Miejskich w Pszczynie;Poland;Pszczyna;Nextbike GmbH;Nextbike;No especificado;49,9778;18,9423
Tarnowski Rower Miejski;Poland;Tarnów;Nextbike GmbH;Nextbike;No especificado;50,0133;20,9856
Topoloveni Bike;Romania;Topoloveni;Nextbike GmbH;Nextbike;No especificado;44,8082;25,084
Nextbike;Czechia;Třebíč;Nextbike GmbH;Nextbike;No especificado;49,2149;15,8794
nextbike Trutnov;Czechia;Trutnov;Nextbike GmbH;Nextbike;No especificado;50,5616;15,9126
Tuba Bike;Portugal;Barcelos;Nextbike GmbH;Nextbike;No especificado;41,5616;-8,56778
Nextbike;Bosnia and Herzegovina;Tuzla;Nextbike GmbH;Nextbike;No especificado;44,5392;18,675
Tychowski Rower Miejski;Poland;Tychowo;Nextbike GmbH;Nextbike;No especificado;53,9262;16,2591
nextbike Uherské Hradiště;Czechia;Uherské Hradiště;Nextbike GmbH;Nextbike;No especificado;49,0678;17,4665
nextbike Uničov;Czechia;Uničov;Nextbike GmbH;Nextbike;No especificado;49,7708;17,1164
Nextbike;Czechia;Valašské Meziříčí - Zašová - Vsetín - Rožnov pod Radhoštěm;Nextbike GmbH;Nextbike;No especificado;49,4725;17,9765
Velo City;Romania;Alba Iulia;Nextbike GmbH;Nextbike;No especificado;46,0687;23,5746
Velo City;Romania;Buzău;Nextbike GmbH;Nextbike;No especificado;45,1504;26,8188
Nextbike;Croatia;Vinkovci;Nextbike GmbH;Nextbike;No especificado;45,3082;18,823
Nextbike;Belgium;Vlaamse Rand;Nextbike GmbH;Nextbike;No especificado;50,646;4,62524
VMOBIL Rad;Austria;Dornbirn;Nextbike GmbH;Nextbike;No especificado;47,4121;9,74456
nextbike Vrchlabí;Czechia;Vrchlabí;Nextbike GmbH;Nextbike;No especificado;50,6222;15,6126
Nextbike;Germany;Wiesbaden;Nextbike GmbH;Nextbike;No especificado;50,0709;8,24322
Włower - Włocławski Rower Miejski;Poland;Włocławek;Nextbike GmbH;Nextbike;No especificado;52,6639;19,0681
Nextbike;Switzerland;Wolfenschiessen;Nextbike GmbH;Nextbike;No especificado;46,9079;8,39767
Wolsztyński Rower Miejski;Poland;Wolsztyn;Nextbike GmbH;Nextbike;No especificado;52,113;16,1166
Nextbike;Croatia;Zagreb;Nextbike GmbH;Nextbike;No especificado;45,7984;15,9789
nextbike Ždár nad Sázavou;Czechia;Žďár nad Sazávou;Nextbike GmbH;Nextbike;No especificado;49,568;15,9486
nextbike Zlín;Czechia;Zlín;Nextbike GmbH;Nextbike;No especificado;49,238;17,6788
Żyrardowski Rower Miejski;Poland;Żyrardów;Nextbike GmbH;Nextbike;No especificado;52,054;20,4414
Nibelungen-Bike;Germany;Braunschweig;Nextbike GmbH;Nextbike;No especificado;52,2597;10,5307
Nomago Bikes - GO2GO;Slovenia;Nova Gorica;Nextbike GmbH;Nextbike;No especificado;45,9576;13,6406
GO2GO - Gorizia;Italy;Gorizia;Nextbike GmbH;Nextbike;No especificado;45,9469;13,6208
Nomago Bikes - LJUBLJANA;Slovenia;Ljubljana;Nextbike GmbH;Nextbike;No especificado;46,0577;14,5013
Nomago Bikes - ZANAPREJ;Slovenia;Zagorje ob Savi;Nextbike GmbH;Nextbike;No especificado;46,1392;14,9785
NomagoBikes;Slovenia;Celje;Nextbike GmbH;Nextbike;No especificado;46,2388;15,2693
NomagoBikes;Slovenia;Laško;Nextbike GmbH;Nextbike;No especificado;46,1458;15,2312
NotoinBici;Italy;Noto;Comunicare S.r.l.;Bicincittà;No especificado;36,889437754839854;15,074658393859863
Novara;Italy;Novara;Comunicare S.r.l.;Bicincittà;No especificado;45,44574;8,622165
누비자 (Nubija);Korea, Republic of;창원시 (Changwon);Changwon City;No especificado;No especificado;35,22369091380072;128,67059887227657
Olbia Bike;Italy;Olbia;Comunicare S.r.l.;Bicincittà;No especificado;40,9240543;9,4994397
Heartland BCycle;United States;Omaha, NE;BCycle, LLC;BCycle;No especificado;41,25832;-96,00853
Općina Brinje;Croatia;Brinje;Nextbike GmbH;Nextbike;No especificado;44,9977;15,1258
Optymo;France;Belfort;SMTC 90;No especificado;No especificado;47,641111;6,849444
Bysykkel;Norway;Oslo;Urban Sharing AS;No especificado;No especificado;59,913869;10,752245
Comunità Montana Valli dell'Ossola;Italy;Santa Maria Maggiore - Malesco - Villette;Comunicare S.r.l.;Bicincittà;No especificado;46,127196;8,499169
ostro.bike;Poland;Ostrołęka;ROOVEE S.A.;No especificado;No especificado;53,080390797;21,587760143
OV-fiets;Netherlands;Nederland;NS Groep NV;No especificado;No especificado;52,1449;5,5603
Parkinbici;Italy;Parco Nazionale del Gargano;Comunicare S.r.l.;Bicincittà;No especificado;41,7817081;15,8516421
Mi Muovo in Bici;Italy;Parma;Comunicare S.r.l.;Bicincittà;No especificado;44,801485;10,3279036
Passo Fundo Vai de Bici;Brazil;Passo Fundo;Mobhis Automação Urbana;Mobhis;No especificado;-28,2555;-52,3981
Pavia in bici;Italy;Pavia;Comunicare S.r.l.;Bicincittà;No especificado;45,1847248;9,1582069
PeaceHealth Rides;United States;Eugene, OR;Social Bicycles Inc.;No especificado;No especificado;44,0502;-123,0949
Périvélo;France;Grand Périgueux;Ecovelo;Ecovelo;Sí;45,1929;0,7217
Les Petites Reines;France;Les Sables d'Olonne;Ecovelo;Ecovelo;Sí;46,4971;-1,7805
Mi Muovo in Bici;Italy;Piacenza;Comunicare S.r.l.;Bicincittà;No especificado;45,0473754;9,6865813
PickeBike Aubonne;Switzerland;Aubonne;PickeBike;No especificado;No especificado;46,4949;6,3963
PickeBike Basel;Switzerland;Basel;PickeBike;No especificado;No especificado;47,5579;7,5902
PickeBike Fribourg;Switzerland;Fribourg;PickeBike;No especificado;No especificado;46,8039;7,1505
Pinerolo;Italy;Pinerolo;Comunicare S.r.l.;Bicincittà;No especificado;44,8850256;7,3499953
Pogoh;United States;Pittsburgh, PA;Bike Share Pittsburgh Inc.;No especificado;No especificado;40,4406;-79,9893
Pombike;Portugal;Pombal;SOLTRÁFEGO, SA;Soltrafego;No especificado;39,915278;-8,632222
Pony;France;Nice;Pony;No especificado;No especificado;43,695949;7,271413
Pordenone;Italy;Pordenone;Comunicare S.r.l.;Bicincittà;No especificado;45,94790101663391;12,674491020251475
Portofino Park and Bike;Italy;Santa Margherita Ligure - Portofino - Camogli;Comunicare S.r.l.;Bicincittà;No especificado;44,335084;9,211264
Prata Camportaccio;Italy;Prata Camportaccio;Comunicare S.r.l.;Bicincittà;No especificado;46,3042146;9,3964914
PRM Szprychy;Poland;Polkowice;ROOVEE S.A.;No especificado;No especificado;51,502710002;16,063157801
PubliBike;Switzerland;Aargau;PubliBike AG;PubliBike;No especificado;47,53504962855389;8,230456807479072
PubliBike;Switzerland;Basel;PubliBike AG;PubliBike;No especificado;47,5578;7,5872
PubliBike;Switzerland;Bern;PubliBike AG;PubliBike;No especificado;46,9482;7,4527
PubliBike;Switzerland;Fribourg;PubliBike AG;PubliBike;No especificado;46,8045;7,1479
PubliBike;Switzerland;Neuchâtel;PubliBike AG;PubliBike;No especificado;47,1043199;6,831407
PubliBike;Switzerland;Ticino;PubliBike AG;PubliBike;No especificado;45,988659433005196;8,94531544336032
PubliBike;Switzerland;Uri;PubliBike AG;PubliBike;No especificado;46,6336;8,5922
PubliBike;Switzerland;Valais;PubliBike AG;PubliBike;No especificado;46,25526565861761;7,425476146627048
PubliBike;Switzerland;Vaud;PubliBike AG;PubliBike;No especificado;46,514554;6,619263
PubliBike;Switzerland;Zürich;PubliBike AG;PubliBike;No especificado;47,3729;8,5409
Qrobici;Mexico;Santiago de Querétaro;Municipio de Querétaro;No especificado;No especificado;20,5939;-100,3958
Graben - ready4green;Germany;Graben;Nextbike GmbH;Nextbike;No especificado;51,1242;10,8984
Redding BCycle;United States;Redding, CA;BCycle, LLC;BCycle;No especificado;40,5875;-122,386
Reddy Bike Share;United States;Buffalo, NY;Shared Mobility Inc.;No especificado;No especificado;42,89373841865211;-78,8718044757843
Mi Muovo in Bici;Italy;Reggio Emilia;Comunicare S.r.l.;Bicincittà;No especificado;44,6989932;10,6296859
Regivelo;Switzerland;Kreuzlingen;Regivelo;No especificado;No especificado;47,646;9,1716
mobic;Germany;REVG;Rhein-Erft-Verkehrsgesellschaft mbH;Nextbike;No especificado;50,8493;6,6687
Rietinbici;Italy;Rieti;Comunicare S.r.l.;Bicincittà;No especificado;42,40262397383167;12,86099910736084
Mi Muovo in Bici;Italy;Rimini;Comunicare S.r.l.;Bicincittà;No especificado;44,0570817;12,5646003
Rivibike;Brazil;Riviera de São Lourenço;Sobloco Construtora S/A;No especificado;No especificado;-23,7998;-46,0223
RMBikes;Portugal;Rio Maior;Município de Rio Maior;No especificado;Sí;39,3374;-8,9374
Roovee;Poland;Ciechanów;ROOVEE S.A.;No especificado;No especificado;52,86992476;20,617345352
Roovee;Poland;Czeladź;ROOVEE S.A.;No especificado;No especificado;50,31445755;19,077203902
Roovee;Poland;Gniezno;ROOVEE S.A.;No especificado;No especificado;52,527823832;17,601563168
Roovee;Poland;Kielce;ROOVEE S.A.;No especificado;No especificado;50,860978658;20,608948314
Roovee;Poland;Nakło nad Notecią;ROOVEE S.A.;No especificado;No especificado;53,140674703;17,60146548
Roovee;Poland;Oleśnica;ROOVEE S.A.;No especificado;No especificado;51,206325602;17,383480081
Roovee;Poland;Płock;ROOVEE S.A.;No especificado;No especificado;52,525296616;19,760503197
Pniewy;Poland;Pniewy;ROOVEE S.A.;No especificado;No especificado;52,510388844;16,261345768
Roovee;Poland;Pułtusk;ROOVEE S.A.;No especificado;No especificado;52,706523832;21,082556221
Roovee;Poland;Rawicz;ROOVEE S.A.;No especificado;No especificado;51,609308994;16,951024748
Roovee;Poland;Skarżysko-Kamienna;ROOVEE S.A.;No especificado;No especificado;51,119959411;20,858462632
Roovee;Poland;Stalowa Wola;ROOVEE S.A.;No especificado;No especificado;50,561969276;22,030243226
Roovee;Poland;Starachowice;ROOVEE S.A.;No especificado;No especificado;51,040186137;21,079107833
Roovee;Poland;Suwałki;ROOVEE S.A.;No especificado;No especificado;54,099941497;22,931711608
Roovee;Poland;Szczecin;ROOVEE S.A.;No especificado;No especificado;53,428473692;14,540275071
WRM;Poland;Wągrowiec;ROOVEE S.A.;No especificado;No especificado;52,809527618;17,202642676
RTC Bike Share;United States;Las Vegas, NV;RTC Southern Nevada, Inc;BCycle;No especificado;36,1438;-115,15682
Rubis'Vélo;France;Bourg-en-Bresse;Ecovelo;Ecovelo;No especificado;46,2056;5,2289
RVA Bike Share;United States;Richmond, VA;Richmond Department of Public Works;No especificado;Sí;37,53833;-77,43464
Saluzzo;Italy;Saluzzo;Comunicare S.r.l.;Bicincittà;No especificado;44,6445404;7,492735499999999
SWell Cycle;United States;San Antonio, TX;BCycle, LLC;BCycle;No especificado;29,43701;-98,48236
Santa Barbara BCycle;United States;Santa Barbara, CA;BCycle, LLC;BCycle;No especificado;34,42178;-119,7001
Santa Cruz BCycle;United States;Santa Cruz, CA;BCycle, LLC;BCycle;No especificado;36,97484;-122,0277
Sântana Velo;Romania;Sântana;PBSC Urban Solutions;No especificado;No especificado;46,3461;21,5064
Santander Cycles;United Kingdom;London;PBSC;Bixi;No especificado;51,51121389999999;-0,1198244
Santander Cycles;United Kingdom;Swansea;Nextbike GmbH;Nextbike;No especificado;51,6106;-3,9764
Santander Mönchengladbach;Germany;Mönchengladbach;Nextbike GmbH;Nextbike;No especificado;51,1817;6,43578
SAP Walldorf;Germany;Walldorf;Nextbike GmbH;Nextbike;No especificado;49,2945;8,62324
Savigliano;Italy;Savigliano;Comunicare S.r.l.;Bicincittà;No especificado;44,6470327;7,662463499999999
Savona;Italy;Savona;Comunicare S.r.l.;Bicincittà;No especificado;44,29516444397244;8,463126708984431
Biciklanc;Slovenia;Vrhnika;SC bikes;No especificado;No especificado;45,9704;14,299
Dolenjska in Bela Krajina Bike;Slovenia;Novo mesto;SC bikes;No especificado;No especificado;45,773;15,1253
Kras Brkini Bikes;Slovenia;Sežana;SC bikes;No especificado;No especificado;45,7243;13,8776
Kulu Valley Bikes;Slovenia;Ajdovščina;SC bikes;No especificado;No especificado;45,8922;13,8827
Pokolo;Slovenia;Litija;SC bikes;No especificado;No especificado;46,0628;14,772
Mobilno Obsotelje;Slovenia;Rogaška Slatina;SC bikes;No especificado;No especificado;46,2323;15,6375
Postojna Bikes;Slovenia;Postojna;SC bikes;No especificado;No especificado;45,7616;14,1888
Pomurje bike;Slovenia;Murska Sobota;SC bikes;No especificado;No especificado;46,6573;16,216
Scegli in Bici;Italy;Cremona;Comunicare S.r.l.;Bicincittà;No especificado;45,134914104864116;10,0222648619018
Sellero;Italy;Sellero;Comunicare S.r.l.;Bicincittà;No especificado;46,06304765446406;10,353434085845947
semo;France;Communauté d'agglomération Seine-Eure;Ecovelo;Ecovelo;No especificado;49,22;1,17
SENICA BAJK;Slovakia;Senica;Nextbike GmbH;Nextbike;No especificado;48,676;17,3642
Seoul Bike 따릉이;Korea, Republic of;Seoul;Seoul Metropolitan Government;No especificado;No especificado;37,5664;126,9785
Sevici;Spain;Sevilla;JCDecaux;Cyclocity;No especificado;37,3880961;-5,9823299
Sibiu Bike Share;Romania;Sibiu;PBSC Urban Solutions;No especificado;No especificado;45,7963;24,1518
Sitycleta;Spain;Las Palmas de Gran Canaria;Nextbike GmbH;Nextbike;No especificado;28,1236;-15,4366
SiXT;Latvia;Rīga;Nextbike GmbH;Nextbike;No especificado;56,9453;24,1033
Chełmski Rower;Poland;Chełm;Nextbike GmbH;Nextbike;No especificado;51,1344;23,4729
Skrova Bysykkel;Norway;Skrova;UIP Drift AS;No especificado;No especificado;68,1669;14,6611
Slatina Velo City;Romania;Slatina;Nextbike GmbH;Nextbike;No especificado;44,4299;24,3716
Slovnaft BAjk;Slovakia;Bratislava;Dopravný podnik Bratislava;No especificado;No especificado;48,1514;17,1056
SoBi;Canada;Hamilton, ON;Social Bicycles Inc.;No especificado;No especificado;43,25643601915583;-79,86929655075073
SoBi;United States;Long Beach, CA;Social Bicycles Inc.;No especificado;No especificado;33,76897;-118,19164
Sondrio;Italy;Sondrio;Comunicare S.r.l.;Bicincittà;No especificado;46,1698583;9,8787674
Speziainbici;Italy;La Spezia;Comunicare S.r.l.;Bicincittà;No especificado;44,1024504;9,824082599999999
Spin Los Angeles;United States;Los Angeles, CA;Bird Rides, Inc.;No especificado;No especificado;34,0522;-118,2437
Spin San Francisco;United States;San Francisco, CA;Bird Rides, Inc.;No especificado;No especificado;37,7749;-122,4194
sprintRAD;Germany;Hannover;Nextbike GmbH;Nextbike;No especificado;52,3721;9,73569
Sprottenflotte;Germany;Kiel;Donkey Republic;No especificado;No especificado;54,2837;10,13213
Śremski Rower Miejski;Poland;Śrem;ROOVEE S.A.;No especificado;No especificado;52,086502492;17,020360879
StadtLastenRad;Germany;Essen;Nextbike GmbH;Nextbike;No especificado;51,4577;7,0161
StadtRAD Hamburg;Germany;Hamburg;Deutsche Bahn AG;deutschebahn;No especificado;53,550308;10,00063
Stadtrad;Austria;Innsbruck;Nextbike GmbH;Nextbike;No especificado;47,2632;11,3961
StadtRAD Lüneburg;Germany;Lüneburg;Deutsche Bahn AG;deutschebahn;No especificado;53,248697;10,407776
RegioRadStuttgart;Germany;Stuttgart;Deutsche Bahn AG;deutschebahn;No especificado;48,778147;9,1801512
Hvar;Croatia;Stari Grad;Nextbike GmbH;Nextbike;No especificado;43,1841;16,5886
Styr & Ställ (Sweden, Göteborg);Sweden;Göteborg;Nextbike GmbH;Nextbike;No especificado;57,6902;11,9881
Summit Bike Share;United States;Park City, UT;Summit County Department of Transportation;No especificado;Sí;40,6474;-111,4981
Tallinja Bike;Malta;Valletta - Malta - Gozo;Instituto Tecnológico de Castilla y León (ITCL);bicicard;No especificado;35,8992;14,5141
Vélo tanlib;France;Niort;Ecovelo;Ecovelo;Sí;46,3258;-0,4606
Tashu;Korea, Republic of;대전 (Daejeon);Daejeon Metropolitan City;No especificado;No especificado;36,349;127,3848
Tel-O-Fun;Israel;Tel Aviv-Yaffo, Giv'atayim, Ramat-Gan;FSM Ground Services Ltd.;fsm;No especificado;32,087053;34,789776
Tembici;Colombia;Bogotá;M1 Transportes Sustentáveis Ltda.;No especificado;No especificado;4,6569;-74,0656
Tempo Vélo;France;Agen;Ecovelo;Ecovelo;Sí;44,2049;0,6212
Terni;Italy;Terni;Comunicare S.r.l.;Bicincittà;No especificado;42,5636168;12,6426604
ThessBike;Greece;Thessaloniki;Brainbox Technology;EasyBike;No especificado;40,6403167;22,9352716
Donkey Republic Thun;Switzerland;Thun;Donkey Republic;No especificado;No especificado;46,7576;7,6287
Ti Vélo;France;Landernau;Fifteen SAS;No especificado;No especificado;48,4512;-4,2551
Tigullionbike;Italy;Sestri Levante - Lavagna;Comunicare S.r.l.;Bicincittà;No especificado;44,272554;9,395714
Tirano in Bici;Italy;Tirano;Comunicare S.r.l.;Bicincittà;No especificado;46,216168;10,1696056
Tarbes et Lourdes vls;France;Tarbes, Lourdes;Ecovelo;Ecovelo;Sí;43,23;0,07
TorrentBici;Spain;Torrent;Nextbike GmbH;Nextbike;No especificado;39,4319;-0,473
Torvelo;Poland;Toruń;ROOVEE S.A.;No especificado;No especificado;53,0138;18,5984
cyclocity;Japan;富山市;JCDecaux;Cyclocity;No especificado;36,6959518;137,2136768
Tradate;Italy;Tradate;Comunicare S.r.l.;Bicincittà;No especificado;45,70938576720161;8,915993391601548
Treviso;Italy;Treviso;Comunicare S.r.l.;Bicincittà;No especificado;45,6669011;12,243039
Trofinetes;Portugal;Trofa;Município de Trofa;No especificado;No especificado;41,3436;-8,553
Bysykkel;Norway;Trondheim;Urban Sharing AS;No especificado;No especificado;63,4307238;10,3936781
TUeBICI;Spain;Santander;UTE BICIS SANTANDER;Nextbike;No especificado;43,46230569999999;-3,8099803
Tugo Bike Share;United States;Tucson, AZ;PBSC Urban Solutions;No especificado;No especificado;32,2225;-110,9749
Twisto vélo;France;Caen;Fifteen;No especificado;No especificado;49,1813403;-0,3635615
Udine;Italy;Udine;Comunicare S.r.l.;Bicincittà;No especificado;46,0710668;13,2345794
Ugento;Italy;Ugento;Comunicare S.r.l.;Bicincittà;No especificado;39,9273518;18,1582962
UsedomRad;Germany;Usedom;Nextbike GmbH;Nextbike;No especificado;53,9779;13,9925
Ustica;Italy;Ustica;Comunicare S.r.l.;Bicincittà;No especificado;38,7031179;13,1682675
V³;France;Bordeaux;Keolis Bordeaux Métropole;No especificado;No especificado;44,837789;-0,57918
VAG_Rad;Germany;Nürnberg;VAG Verkehrs-Aktiengesellschaft;Nextbike;No especificado;49,4487;11,0794
VaiBike;Spain;Vilagarcía de Arousa;Instituto Tecnológico de Castilla y León (ITCL);bicicard;No especificado;42,5954;-8,7659
Valenbisi;Spain;Valencia;JCDecaux;Cyclocity;No especificado;39,4699075;-0,3762881
Valentine BCycle;United States;Valentine, NE;BCycle, LLC;BCycle;No especificado;42,8747;-100,5511
Vél'in;France;Calais;Veolia;Veloway;No especificado;50,95;1,85
Vélam;France;Amiens;JCDecaux;Cyclocity;No especificado;49,894067;2,295753
Velect’in;France;Calais;Ecovelo;Ecovelo;Sí;50,948056;1,856389
Vélhop;France;Strasbourg;Strasbourg Mobilités;Nextbike;No especificado;48,583611;7,748056
Vélib' Métropole;France;Paris;Smovengo;No especificado;Sí;48,856614;2,3522219
Vélibéo;France;Brive-la-Gaillarde;Ecovelo;Ecovelo;Sí;45,1583;1,5321
Vélitul;France;Laval;Cykleo SAS;Cykleo;No especificado;48,0706687;-0,7734022
VéliVert;France;Saint-Étienne;Fifteen;No especificado;No especificado;45,396667;4,290833
Vélô;France;Toulouse;JCDecaux;Cyclocity;No especificado;43,604652;1,444209
Velo Antwerpen;Belgium;Antwerpen;ClearChannel;SmartBike;No especificado;51,216667;4,4
Le Vélo Baulois;France;La Baule-Escoublac;Ecovelo;Ecovelo;Sí;47,2867;-2,3908
VélO2;France;Cergy;Nextbike GmbH;Nextbike;No especificado;49,03561699999999;2,060325
VeloBaie;France;Saint-Brieuc;VeloBaie;No especificado;No especificado;48,514;-2,765
Astana Bike;Kazakhstan;Astana;CTS;No especificado;No especificado;51,1283;71,4305
VéloCité;France;Besançon;JCDecaux;Cyclocity;No especificado;47,237829;6,024053899999999
Vélo'Cité;France;Laon;Ecovelo;Ecovelo;Sí;49,5639;3,6244
VéloCité;France;Mulhouse;Nextbike GmbH;Nextbike;No especificado;47,750839;7,335888
Vélos d’Aquí;France;Argelès-sur-Mer;Ecovelo;Ecovelo;Sí;42,5449;3,0235
Vélo Fluo;France;Grand Est;Fifteen SAS;No especificado;No especificado;48,484322;6,114004
Veloh;Luxembourg;Luxembourg;JCDecaux;Cyclocity;No especificado;49,6301025;6,1520185
Vël'Ok;Luxembourg;Esch-sur-alzette;CIGL ESCH;Velok;Sí;49,5024;5,9722
Vélomagg;France;Montpellier;TaM;No especificado;No especificado;43,6119;3,8772
Vélo MAT;France;Saint-Malo;Fifteen SAS;Fifteen;No especificado;48,64;-2,0
Vélo Modalis;France;Ligne TER Royan - Angoulême;Fifteen SAS;Fifteen;No especificado;45,7;-0,33
Vélonecy;France;Annecy;Communauté d'Agglomération du Grand Annecy;No especificado;No especificado;45,8997;6,1233
VéloPartage;Switzerland;Genève;Genèveroule;No especificado;No especificado;46,2021;6,1457
Vélo+/VéloTAO;France;Orléans;Cykleo SAS;Cykleo;No especificado;47,9027336;1,9086066
Vélopop;France;Avignon;TCRA Public Transport Region Avignon;No especificado;No especificado;43,943689;4,805833
vélOstan'lib;France;Nancy;JCDecaux;Cyclocity;No especificado;48,692054;6,184417
Vélo'V;France;Lyon;JCDecaux;Cyclocity;No especificado;45,764043;4,835659
VéloZef;France;Brest;Fifteen SAS;No especificado;No especificado;48,3905;-4,48732
vélYcéo;France;Saint-Nazaire;Ecovelo;Ecovelo;Sí;47,2806;-2,2086
Venezia;Italy;Venezia;Comunicare S.r.l.;Bicincittà;No especificado;45,4408474;12,3155151
Vercelli;Italy;Vercelli;Comunicare S.r.l.;Bicincittà;No especificado;45,32022720000001;8,418573499999999
VerdeCiclos;Spain;Caldas de Reis;Instituto Tecnológico de Castilla y León (ITCL);bicicard;No especificado;42,6041;-8,6419
VETURILO 3.0;Poland;Warszawa;Nextbike GmbH;Nextbike;No especificado;52,2581;20,9949
VIA Vélo;France;Val d'Ille-Aubigné;Ecovelo;Ecovelo;Sí;48,2181;-1,6947
villo;Belgium;Bruxelles;JCDecaux;Cyclocity;No especificado;50,8503396;4,3517103
Cyclocity;Lithuania;Vilnius;JCDecaux;Cyclocity;No especificado;54,6871555;25,2796514
Vilvolt;France;Épinal;Vilvolt CA Épinal;No especificado;No especificado;48,1833;6,4508
Vitelinhas;Portugal;Fafe;Município de Fafe;No especificado;Sí;41,4513;-8,1728
Vive Villarcayo;Spain;Villarcayo;Instituto Tecnológico de Castilla y León (ITCL);bicicard;No especificado;42,9384;-3,5724
V'Lille;France;Lille;Keolis;Keolis;No especificado;50,62925;3,057256
VRNnextbike;Germany;Rhein-Neckar;Nextbike GmbH;Nextbike;No especificado;49,4;8,5
VVT REGIORAD;Austria;Tirol;Nextbike GmbH;Nextbike;No especificado;47,2;11,532
TFI Bikes;Ireland;Waterford;The National Transport Authority;TFI Bikes;No especificado;52,2475049;-7,1130299
WE-cycle;United States;Aspen, CO;PBSC;No especificado;No especificado;39,194951;-106,837002
We Love bike;Italy;Lodi;Comunicare S.r.l.;Bicincittà;No especificado;45,3097228;9,503715999999999
westBike;Germany;Erkelenz;Nextbike GmbH;Nextbike;No especificado;51,0753;6,31233
westBike;Germany;Geilenkirchen;Nextbike GmbH;Nextbike;No especificado;50,9671;6,11886
westBike;Germany;Heinsberg;Nextbike GmbH;Nextbike;No especificado;51,0597;6,11849
westBike;Germany;Hückelhoven;Nextbike GmbH;Nextbike;No especificado;51,0529;6,21933
westBike;Germany;Wegberg;Nextbike GmbH;Nextbike;No especificado;51,1427;6,2813
WESTcargo Bath;United Kingdom;Bath;Nextbike GmbH;Nextbike;No especificado;51,3814;-2,35519
WESTcargo Bristol;United Kingdom;Bristol;Nextbike GmbH;Nextbike;No especificado;51,4587;-2,57355
WhiteBikes;Slovakia;Bratislava;Open Source Bike Share;Open Source Bike Share;No especificado;48,149424;17,113922
WienMobil Rad;Austria;Wien;Nextbike GmbH;Nextbike;No especificado;48,2081743;16,3738189
WinsenRad;Germany;Winsen (Luhe);Nextbike GmbH;Nextbike;No especificado;53,3547;10,2067
Bre.Bike;Germany;Bremen;Nextbike GmbH;Nextbike;No especificado;53,0781;8,80132
Wolf Ride Bike Share (Stony Brook University);United States;Stony Brook;Stony Brook University;No especificado;No especificado;40,9124;-73,1249
WRM;Poland;Wrocław;Nextbike GmbH;Nextbike;No especificado;51,1093;17,0372
wupsiRad Leverkusen;Germany;Leverkusen;Nextbike GmbH;Nextbike;No especificado;51,0732;7,00814
Xi'an Public Bicycle;China;西安 (Xi'an);西安城市公共自行车服务管理有;No especificado;No especificado;34,2688;108,9458
Yélo Vélo;France;La Rochelle;Communauté d'Agglomération de La Rochelle;No especificado;No especificado;46,1591;-1,1509
YouBike;Taiwan, Province of China;台灣 Chiayi City;YouBike Co., Ltd.;YouBike;No especificado;23,4797;120,4397
YouBike;Taiwan, Province of China;嘉義縣 Chiayi County;YouBike Co., Ltd.;YouBike;No especificado;23,4592;120,2927
YouBike;Taiwan, Province of China;光復鄉 Guangfu Township;YouBike Co., Ltd.;YouBike;No especificado;23,6661;121,4215
YouBike;Taiwan, Province of China;新竹市 Hsinchu City;YouBike Co., Ltd.;YouBike;No especificado;24,8018;120,9714
YouBike;Taiwan, Province of China;新竹縣 Hsinchu County;YouBike Co., Ltd.;YouBike;No especificado;24,8269;121,0129
YouBike;Taiwan, Province of China;新竹科學工業園區 Hsinchu Science Park;YouBike Co., Ltd.;YouBike;No especificado;24,7818;121,005
YouBike;Taiwan, Province of China;高雄市 Kaohsiung City;YouBike Co., Ltd.;YouBike;No especificado;22,6314;120,3018
YouBike;Taiwan, Province of China;台灣 Miaoli County;YouBike Co., Ltd.;YouBike;No especificado;24,5648;120,8185
YouBike;Taiwan, Province of China;新北市 New Taipei;YouBike Co., Ltd.;YouBike;No especificado;25,0169826;121,4627868
YouBike;Taiwan, Province of China;屏東縣 Pingtung County;YouBike Co., Ltd.;YouBike;No especificado;22,683;120,4879
YouBike;China;莆田市 (Putian City);YouBike Co., Ltd.;YouBike;No especificado;25,4504;119,0126
YouBike;Taiwan, Province of China;臺中市 Taichung City;YouBike Co., Ltd.;YouBike;No especificado;24,1477358;120,6736482
YouBike;Taiwan, Province of China;臺南市 Tainan City;YouBike Co., Ltd.;YouBike;No especificado;22,9923;120,185
YouBike;Taiwan, Province of China;台北市 Taipei City;YouBike Co., Ltd.;YouBike;No especificado;25,0329636;121,5654268
YouBike;Taiwan, Province of China;臺東縣 Taitung County;YouBike Co., Ltd.;YouBike;No especificado;22,7557;121,1503
YouBike;Taiwan, Province of China;桃園市 Taoyuan City;YouBike Co., Ltd.;YouBike;No especificado;24,9936281;121,3009798
Donkey Republic Yverdon-les-Bains;Switzerland;Yverdon-les-Bains;Donkey Republic;No especificado;No especificado;46,7788;6,6414
Żarskie Rowery;Poland;Żary;ROOVEE S.A.;No especificado;No especificado;51,626511425;15,150176567
ZébullO;France;Reims;Ecovelo;Ecovelo;Sí;49,2628;4,0347
Zena By Bike;Italy;Genova;Bicincitta Italia S.r.l.;Weelo;No especificado;44,40430089372731;8,92908986230462
